graph_family,n,p,seed,objective,init_id,init_seed,init_params,final_mean_ratio,tail_mean_ratio,peak_mean_ratio,final_optimal_mass,gamma_plot,gamma_start,gamma_end
erdos_renyi,8,2,0,QTL linear schedule to 0.00,0,20262429,"[3.0045084741480124, 0.6658867766369198, 2.9231716237466285, 4.046416608096568]",0.8748857142857143,0.8731942857142858,0.8778,0.3534,0.0,0.0,0.0
erdos_renyi,8,2,0,QTL linear schedule to 0.00,1,20262430,"[5.1541213316333945, 3.721852295442659, 4.903726068591482, 1.2222919096378122]",0.6219714285714285,0.6222628571428571,0.6263142857142857,0.0312,0.0,0.0,0.0
erdos_renyi,8,2,0,QTL linear schedule to 0.00,2,20262431,"[0.7781164276219816, 3.2262615747046017, 1.0811483388068108, 2.98222281407082]",0.8885142857142857,0.8896599999999999,0.8943428571428572,0.40900000000000003,0.0,0.0,0.0
erdos_renyi,8,2,0,QTL linear schedule to 0.00,3,20262432,"[4.307602282343021, 3.034090238606556, 2.891329909804126, 1.6537892584670473]",0.6193714285714286,0.6194028571428571,0.6238285714285714,0.0234,0.0,0.0,0.0
erdos_renyi,8,2,0,QTL linear schedule to 0.00,4,20262433,"[1.697931517675189, 4.9740234499068094, 5.809501218322688, 4.3764810471886175]",0.811,0.8108542857142857,0.8157428571428572,0.2082,0.0,0.0,0.0
erdos_renyi,8,2,0,QTL linear schedule to 0.20,0,20262429,"[3.0045084741480124, 0.6658867766369198, 2.9231716237466285, 4.046416608096568]",0.8747999999999999,0.8731628571428571,0.8774285714285716,0.3564,0.2,0.0,0.2
erdos_renyi,8,2,0,QTL linear schedule to 0.20,1,20262430,"[5.1541213316333945, 3.721852295442659, 4.903726068591482, 1.2222919096378122]",0.6234571428571429,0.6225257142857143,0.6268285714285715,0.0346,0.2,0.0,0.2
erdos_renyi,8,2,0,QTL linear schedule to 0.20,2,20262431,"[0.7781164276219816, 3.2262615747046017, 1.0811483388068108, 2.98222281407082]",0.8887714285714285,0.8894828571428572,0.8933142857142856,0.4144,0.2,0.0,0.2
erdos_renyi,8,2,0,QTL linear schedule to 0.20,3,20262432,"[4.307602282343021, 3.034090238606556, 2.891329909804126, 1.6537892584670473]",0.6200285714285715,0.6198342857142858,0.6239142857142858,0.021400000000000002,0.2,0.0,0.2
erdos_renyi,8,2,0,QTL linear schedule to 0.20,4,20262433,"[1.697931517675189, 4.9740234499068094, 5.809501218322688, 4.3764810471886175]",0.8101428571428572,0.8108428571428572,0.8150571428571427,0.2162,0.2,0.0,0.2
erdos_renyi,8,2,0,QTL linear schedule to 0.40,0,20262429,"[3.0045084741480124, 0.6658867766369198, 2.9231716237466285, 4.046416608096568]",0.8742571428571428,0.8725685714285714,0.8776,0.3582,0.4,0.0,0.4
erdos_renyi,8,2,0,QTL linear schedule to 0.40,1,20262430,"[5.1541213316333945, 3.721852295442659, 4.903726068591482, 1.2222919096378122]",0.6223142857142857,0.6205942857142858,0.6274285714285714,0.038,0.4,0.0,0.4
erdos_renyi,8,2,0,QTL linear schedule to 0.40,2,20262431,"[0.7781164276219816, 3.2262615747046017, 1.0811483388068108, 2.98222281407082]",0.8876857142857143,0.8889114285714286,0.8929999999999999,0.41979999999999995,0.4,0.0,0.4
erdos_renyi,8,2,0,QTL linear schedule to 0.40,3,20262432,"[4.307602282343021, 3.034090238606556, 2.891329909804126, 1.6537892584670473]",0.6187428571428571,0.6192371428571428,0.6245999999999999,0.019799999999999998,0.4,0.0,0.4
erdos_renyi,8,2,0,QTL linear schedule to 0.40,4,20262433,"[1.697931517675189, 4.9740234499068094, 5.809501218322688, 4.3764810471886175]",0.8092857142857142,0.8096942857142857,0.8145428571428572,0.223,0.4,0.0,0.4
erdos_renyi,8,2,0,QTL linear schedule to 0.60,0,20262429,"[3.0045084741480124, 0.6658867766369198, 2.9231716237466285, 4.046416608096568]",0.8747714285714286,0.8720114285714284,0.8767714285714285,0.36180000000000007,0.6,0.0,0.6
erdos_renyi,8,2,0,QTL linear schedule to 0.60,1,20262430,"[5.1541213316333945, 3.721852295442659, 4.903726068591482, 1.2222919096378122]",0.6216857142857143,0.6199371428571429,0.6248571428571428,0.043800000000000006,0.6,0.0,0.6
erdos_renyi,8,2,0,QTL linear schedule to 0.60,2,20262431,"[0.7781164276219816, 3.2262615747046017, 1.0811483388068108, 2.98222281407082]",0.8871714285714286,0.8884885714285715,0.8930857142857143,0.4234,0.6,0.0,0.6
erdos_renyi,8,2,0,QTL linear schedule to 0.60,3,20262432,"[4.307602282343021, 3.034090238606556, 2.891329909804126, 1.6537892584670473]",0.6184571428571429,0.6185028571428572,0.6243142857142858,0.0202,0.6,0.0,0.6
erdos_renyi,8,2,0,QTL linear schedule to 0.60,4,20262433,"[1.697931517675189, 4.9740234499068094, 5.809501218322688, 4.3764810471886175]",0.809057142857143,0.8088599999999999,0.8145142857142857,0.2262,0.6,0.0,0.6
erdos_renyi,8,2,0,QTL linear schedule to 0.80,0,20262429,"[3.0045084741480124, 0.6658867766369198, 2.9231716237466285, 4.046416608096568]",0.8743142857142858,0.87166,0.8766285714285714,0.363,0.8,0.0,0.8
erdos_renyi,8,2,0,QTL linear schedule to 0.80,1,20262430,"[5.1541213316333945, 3.721852295442659, 4.903726068591482, 1.2222919096378122]",0.6215714285714287,0.6183028571428572,0.626257142857143,0.0542,0.8,0.0,0.8
erdos_renyi,8,2,0,QTL linear schedule to 0.80,2,20262431,"[0.7781164276219816, 3.2262615747046017, 1.0811483388068108, 2.98222281407082]",0.8864571428571429,0.8875685714285714,0.8925714285714286,0.4264,0.8,0.0,0.8
erdos_renyi,8,2,0,QTL linear schedule to 0.80,3,20262432,"[4.307602282343021, 3.034090238606556, 2.891329909804126, 1.6537892584670473]",0.6185428571428572,0.6181371428571428,0.6237142857142857,0.0226,0.8,0.0,0.8
erdos_renyi,8,2,0,QTL linear schedule to 0.80,4,20262433,"[1.697931517675189, 4.9740234499068094, 5.809501218322688, 4.3764810471886175]",0.8086857142857143,0.8077,0.8143428571428571,0.2272,0.8,0.0,0.8
erdos_renyi,8,2,0,QTL linear schedule to 1.00,0,20262429,"[3.0045084741480124, 0.6658867766369198, 2.9231716237466285, 4.046416608096568]",0.8734571428571429,0.8711428571428572,0.8769999999999999,0.3644,1.0,0.0,1.0
erdos_renyi,8,2,0,QTL linear schedule to 1.00,1,20262430,"[5.1541213316333945, 3.721852295442659, 4.903726068591482, 1.2222919096378122]",0.6207142857142858,0.6169085714285714,0.6245142857142858,0.062,1.0,0.0,1.0
erdos_renyi,8,2,0,QTL linear schedule to 1.00,2,20262431,"[0.7781164276219816, 3.2262615747046017, 1.0811483388068108, 2.98222281407082]",0.8852571428571429,0.8866057142857144,0.8926571428571428,0.4274,1.0,0.0,1.0
erdos_renyi,8,2,0,QTL linear schedule to 1.00,3,20262432,"[4.307602282343021, 3.034090238606556, 2.891329909804126, 1.6537892584670473]",0.6171142857142857,0.61758,0.6238285714285714,0.0224,1.0,0.0,1.0
erdos_renyi,8,2,0,QTL linear schedule to 1.00,4,20262433,"[1.697931517675189, 4.9740234499068094, 5.809501218322688, 4.3764810471886175]",0.8089142857142857,0.806757142857143,0.8133142857142858,0.22820000000000001,1.0,0.0,1.0
erdos_renyi,8,2,0,QTL linear schedule to 1.20,0,20262429,"[3.0045084741480124, 0.6658867766369198, 2.9231716237466285, 4.046416608096568]",0.8733142857142857,0.8709685714285715,0.8767714285714286,0.36519999999999997,1.2,0.0,1.2
erdos_renyi,8,2,0,QTL linear schedule to 1.20,1,20262430,"[5.1541213316333945, 3.721852295442659, 4.903726068591482, 1.2222919096378122]",0.6284285714285713,0.6222771428571428,0.6284285714285713,0.0764,1.2,0.0,1.2
erdos_renyi,8,2,0,QTL linear schedule to 1.20,2,20262431,"[0.7781164276219816, 3.2262615747046017, 1.0811483388068108, 2.98222281407082]",0.8831714285714286,0.8854599999999999,0.892457142857143,0.4282,1.2,0.0,1.2
erdos_renyi,8,2,0,QTL linear schedule to 1.20,3,20262432,"[4.307602282343021, 3.034090238606556, 2.891329909804126, 1.6537892584670473]",0.6176285714285713,0.6167228571428571,0.6234857142857143,0.0232,1.2,0.0,1.2
erdos_renyi,8,2,0,QTL linear schedule to 1.20,4,20262433,"[1.697931517675189, 4.9740234499068094, 5.809501218322688, 4.3764810471886175]",0.8076857142857142,0.8056399999999998,0.8139142857142857,0.23,1.2,0.0,1.2
erdos_renyi,8,2,0,QTL linear schedule to 1.40,0,20262429,"[3.0045084741480124, 0.6658867766369198, 2.9231716237466285, 4.046416608096568]",0.8733428571428572,0.8707142857142859,0.8766285714285714,0.36539999999999995,1.4,0.0,1.4
erdos_renyi,8,2,0,QTL linear schedule to 1.40,1,20262430,"[5.1541213316333945, 3.721852295442659, 4.903726068591482, 1.2222919096378122]",0.6371428571428571,0.6362685714285714,0.6446857142857143,0.0774,1.4,0.0,1.4
erdos_renyi,8,2,0,QTL linear schedule to 1.40,2,20262431,"[0.7781164276219816, 3.2262615747046017, 1.0811483388068108, 2.98222281407082]",0.8834000000000001,0.8849314285714286,0.8919142857142858,0.42860000000000004,1.4,0.0,1.4
erdos_renyi,8,2,0,QTL linear schedule to 1.40,3,20262432,"[4.307602282343021, 3.034090238606556, 2.891329909804126, 1.6537892584670473]",0.6166571428571429,0.6158,0.6242857142857142,0.023799999999999998,1.4,0.0,1.4
erdos_renyi,8,2,0,QTL linear schedule to 1.40,4,20262433,"[1.697931517675189, 4.9740234499068094, 5.809501218322688, 4.3764810471886175]",0.8064,0.8043314285714285,0.8132857142857143,0.2304,1.4,0.0,1.4
erdos_renyi,8,2,0,QTL linear schedule to 1.60,0,20262429,"[3.0045084741480124, 0.6658867766369198, 2.9231716237466285, 4.046416608096568]",0.8723428571428571,0.8700800000000001,0.8766,0.36639999999999995,1.6,0.0,1.6
erdos_renyi,8,2,0,QTL linear schedule to 1.60,1,20262430,"[5.1541213316333945, 3.721852295442659, 4.903726068591482, 1.2222919096378122]",0.6428285714285715,0.6406885714285714,0.6467714285714286,0.0832,1.6,0.0,1.6
erdos_renyi,8,2,0,QTL linear schedule to 1.60,2,20262431,"[0.7781164276219816, 3.2262615747046017, 1.0811483388068108, 2.98222281407082]",0.8830000000000001,0.8840971428571429,0.8913428571428572,0.42900000000000005,1.6,0.0,1.6
erdos_renyi,8,2,0,QTL linear schedule to 1.60,3,20262432,"[4.307602282343021, 3.034090238606556, 2.891329909804126, 1.6537892584670473]",0.6172285714285713,0.61514,0.6230571428571429,0.0232,1.6,0.0,1.6
erdos_renyi,8,2,0,QTL linear schedule to 1.60,4,20262433,"[1.697931517675189, 4.9740234499068094, 5.809501218322688, 4.3764810471886175]",0.8051714285714286,0.8031885714285714,0.812457142857143,0.231,1.6,0.0,1.6
erdos_renyi,8,2,0,QTL linear schedule to 2.00,0,20262429,"[3.0045084741480124, 0.6658867766369198, 2.9231716237466285, 4.046416608096568]",0.871257142857143,0.8693142857142856,0.8763142857142857,0.3672,2.0,0.0,2.0
erdos_renyi,8,2,0,QTL linear schedule to 2.00,1,20262430,"[5.1541213316333945, 3.721852295442659, 4.903726068591482, 1.2222919096378122]",0.6445714285714287,0.6440285714285715,0.6496857142857143,0.0802,2.0,0.0,2.0
erdos_renyi,8,2,0,QTL linear schedule to 2.00,2,20262431,"[0.7781164276219816, 3.2262615747046017, 1.0811483388068108, 2.98222281407082]",0.8820571428571429,0.8826371428571429,0.8902285714285716,0.43,2.0,0.0,2.0
erdos_renyi,8,2,0,QTL linear schedule to 2.00,3,20262432,"[4.307602282343021, 3.034090238606556, 2.891329909804126, 1.6537892584670473]",0.6167428571428573,0.6140285714285715,0.6220571428571429,0.0224,2.0,0.0,2.0
erdos_renyi,8,2,0,QTL linear schedule to 2.00,4,20262433,"[1.697931517675189, 4.9740234499068094, 5.809501218322688, 4.3764810471886175]",0.8037142857142856,0.8009542857142857,0.8121714285714285,0.23219999999999996,2.0,0.0,2.0
erdos_renyi,8,2,0,QTL linear schedule to 2.50,0,20262429,"[3.0045084741480124, 0.6658867766369198, 2.9231716237466285, 4.046416608096568]",0.8706285714285714,0.8686057142857143,0.8764000000000001,0.36760000000000004,2.5,0.0,2.5
erdos_renyi,8,2,0,QTL linear schedule to 2.50,1,20262430,"[5.1541213316333945, 3.721852295442659, 4.903726068591482, 1.2222919096378122]",0.6428000000000001,0.6418142857142858,0.6451714285714286,0.08099999999999999,2.5,0.0,2.5
erdos_renyi,8,2,0,QTL linear schedule to 2.50,2,20262431,"[0.7781164276219816, 3.2262615747046017, 1.0811483388068108, 2.98222281407082]",0.8804000000000001,0.881397142857143,0.8898857142857144,0.43019999999999997,2.5,0.0,2.5
erdos_renyi,8,2,0,QTL linear schedule to 2.50,3,20262432,"[4.307602282343021, 3.034090238606556, 2.891329909804126, 1.6537892584670473]",0.616257142857143,0.6127314285714287,0.6212571428571428,0.0238,2.5,0.0,2.5
erdos_renyi,8,2,0,QTL linear schedule to 2.50,4,20262433,"[1.697931517675189, 4.9740234499068094, 5.809501218322688, 4.3764810471886175]",0.8027714285714287,0.7995228571428571,0.8118285714285715,0.2334,2.5,0.0,2.5
erdos_renyi,8,2,0,QTL linear schedule to 3.00,0,20262429,"[3.0045084741480124, 0.6658867766369198, 2.9231716237466285, 4.046416608096568]",0.8694571428571428,0.8681828571428571,0.8758,0.3668,3.0,0.0,3.0
erdos_renyi,8,2,0,QTL linear schedule to 3.00,1,20262430,"[5.1541213316333945, 3.721852295442659, 4.903726068591482, 1.2222919096378122]",0.6414285714285715,0.6407428571428572,0.6434857142857143,0.081,3.0,0.0,3.0
erdos_renyi,8,2,0,QTL linear schedule to 3.00,2,20262431,"[0.7781164276219816, 3.2262615747046017, 1.0811483388068108, 2.98222281407082]",0.880057142857143,0.8804028571428573,0.8896000000000001,0.4312,3.0,0.0,3.0
erdos_renyi,8,2,0,QTL linear schedule to 3.00,3,20262432,"[4.307602282343021, 3.034090238606556, 2.891329909804126, 1.6537892584670473]",0.6140857142857143,0.6119342857142858,0.6214571428571428,0.022999999999999996,3.0,0.0,3.0
erdos_renyi,8,2,0,QTL linear schedule to 3.00,4,20262433,"[1.697931517675189, 4.9740234499068094, 5.809501218322688, 4.3764810471886175]",0.8010857142857143,0.798377142857143,0.8115714285714286,0.23279999999999998,3.0,0.0,3.0
erdos_renyi,8,2,0,QTL linear schedule to 4.00,0,20262429,"[3.0045084741480124, 0.6658867766369198, 2.9231716237466285, 4.046416608096568]",0.8689142857142859,0.8675228571428573,0.8749428571428571,0.3664,4.0,0.0,4.0
erdos_renyi,8,2,0,QTL linear schedule to 4.00,1,20262430,"[5.1541213316333945, 3.721852295442659, 4.903726068591482, 1.2222919096378122]",0.6393714285714286,0.6369228571428571,0.6415142857142858,0.08299999999999999,4.0,0.0,4.0
erdos_renyi,8,2,0,QTL linear schedule to 4.00,2,20262431,"[0.7781164276219816, 3.2262615747046017, 1.0811483388068108, 2.98222281407082]",0.8795428571428572,0.8795028571428573,0.887942857142857,0.4306,4.0,0.0,4.0
erdos_renyi,8,2,0,QTL linear schedule to 4.00,3,20262432,"[4.307602282343021, 3.034090238606556, 2.891329909804126, 1.6537892584670473]",0.608,0.6093999999999999,0.6203142857142857,0.027599999999999996,4.0,0.0,4.0
erdos_renyi,8,2,0,QTL linear schedule to 4.00,4,20262433,"[1.697931517675189, 4.9740234499068094, 5.809501218322688, 4.3764810471886175]",0.7994285714285715,0.7970485714285716,0.811,0.23199999999999998,4.0,0.0,4.0
erdos_renyi,8,2,1,QTL linear schedule to 0.00,0,20262429,"[3.0045084741480124, 0.6658867766369198, 2.9231716237466285, 4.046416608096568]",0.87468,0.8729340000000001,0.8762599999999999,0.118,0.0,0.0,0.0
erdos_renyi,8,2,1,QTL linear schedule to 0.00,1,20262430,"[5.1541213316333945, 3.721852295442659, 4.903726068591482, 1.2222919096378122]",0.68468,0.683298,0.6867599999999999,0.0126,0.0,0.0,0.0
erdos_renyi,8,2,1,QTL linear schedule to 0.00,2,20262431,"[0.7781164276219816, 3.2262615747046017, 1.0811483388068108, 2.98222281407082]",0.87476,0.873002,0.87622,0.118,0.0,0.0,0.0
erdos_renyi,8,2,1,QTL linear schedule to 0.00,3,20262432,"[4.307602282343021, 3.034090238606556, 2.891329909804126, 1.6537892584670473]",0.68244,0.6828779999999999,0.68702,0.0102,0.0,0.0,0.0
erdos_renyi,8,2,1,QTL linear schedule to 0.00,4,20262433,"[1.697931517675189, 4.9740234499068094, 5.809501218322688, 4.3764810471886175]",0.8261200000000001,0.826346,0.8302800000000001,0.060399999999999995,0.0,0.0,0.0
erdos_renyi,8,2,1,QTL linear schedule to 0.20,0,20262429,"[3.0045084741480124, 0.6658867766369198, 2.9231716237466285, 4.046416608096568]",0.87386,0.872704,0.8762399999999999,0.122,0.2,0.0,0.2
erdos_renyi,8,2,1,QTL linear schedule to 0.20,1,20262430,"[5.1541213316333945, 3.721852295442659, 4.903726068591482, 1.2222919096378122]",0.67862,0.6824619999999999,0.68632,0.0092,0.2,0.0,0.2
erdos_renyi,8,2,1,QTL linear schedule to 0.20,2,20262431,"[0.7781164276219816, 3.2262615747046017, 1.0811483388068108, 2.98222281407082]",0.8738199999999999,0.872664,0.8762399999999999,0.122,0.2,0.0,0.2
erdos_renyi,8,2,1,QTL linear schedule to 0.20,3,20262432,"[4.307602282343021, 3.034090238606556, 2.891329909804126, 1.6537892584670473]",0.68058,0.6823940000000001,0.68692,0.0074,0.2,0.0,0.2
erdos_renyi,8,2,1,QTL linear schedule to 0.20,4,20262433,"[1.697931517675189, 4.9740234499068094, 5.809501218322688, 4.3764810471886175]",0.8258199999999999,0.825676,0.8296199999999999,0.062200000000000005,0.2,0.0,0.2
erdos_renyi,8,2,1,QTL linear schedule to 0.40,0,20262429,"[3.0045084741480124, 0.6658867766369198, 2.9231716237466285, 4.046416608096568]",0.87202,0.8715439999999999,0.8758199999999998,0.1248,0.4,0.0,0.4
erdos_renyi,8,2,1,QTL linear schedule to 0.40,1,20262430,"[5.1541213316333945, 3.721852295442659, 4.903726068591482, 1.2222919096378122]",0.6835800000000001,0.6809320000000001,0.6835800000000001,0.0054,0.4,0.0,0.4
erdos_renyi,8,2,1,QTL linear schedule to 0.40,2,20262431,"[0.7781164276219816, 3.2262615747046017, 1.0811483388068108, 2.98222281407082]",0.8720600000000001,0.871562,0.8760800000000002,0.1248,0.4,0.0,0.4
erdos_renyi,8,2,1,QTL linear schedule to 0.40,3,20262432,"[4.307602282343021, 3.034090238606556, 2.891329909804126, 1.6537892584670473]",0.68324,0.6792539999999999,0.68324,0.0004,0.4,0.0,0.4
erdos_renyi,8,2,1,QTL linear schedule to 0.40,4,20262433,"[1.697931517675189, 4.9740234499068094, 5.809501218322688, 4.3764810471886175]",0.8256599999999998,0.8251,0.8296399999999998,0.0652,0.4,0.0,0.4
erdos_renyi,8,2,1,QTL linear schedule to 0.60,0,20262429,"[3.0045084741480124, 0.6658867766369198, 2.9231716237466285, 4.046416608096568]",0.87088,0.870382,0.8758400000000002,0.1278,0.6,0.0,0.6
erdos_renyi,8,2,1,QTL linear schedule to 0.60,1,20262430,"[5.1541213316333945, 3.721852295442659, 4.903726068591482, 1.2222919096378122]",0.6671,0.6722959999999999,0.67918,0.0,0.6,0.0,0.6
erdos_renyi,8,2,1,QTL linear schedule to 0.60,2,20262431,"[0.7781164276219816, 3.2262615747046017, 1.0811483388068108, 2.98222281407082]",0.8709600000000002,0.8703700000000001,0.87562,0.1278,0.6,0.0,0.6
erdos_renyi,8,2,1,QTL linear schedule to 0.60,3,20262432,"[4.307602282343021, 3.034090238606556, 2.891329909804126, 1.6537892584670473]",0.6738000000000001,0.6730400000000001,0.68248,0.0,0.6,0.0,0.6
erdos_renyi,8,2,1,QTL linear schedule to 0.60,4,20262433,"[1.697931517675189, 4.9740234499068094, 5.809501218322688, 4.3764810471886175]",0.8251799999999999,0.824232,0.8299199999999999,0.0658,0.6,0.0,0.6
erdos_renyi,8,2,1,QTL linear schedule to 0.80,0,20262429,"[3.0045084741480124, 0.6658867766369198, 2.9231716237466285, 4.046416608096568]",0.86994,0.8694879999999999,0.8760199999999999,0.13019999999999998,0.8,0.0,0.8
erdos_renyi,8,2,1,QTL linear schedule to 0.80,1,20262430,"[5.1541213316333945, 3.721852295442659, 4.903726068591482, 1.2222919096378122]",0.6653399999999999,0.66595,0.67916,0.0012000000000000001,0.8,0.0,0.8
erdos_renyi,8,2,1,QTL linear schedule to 0.80,2,20262431,"[0.7781164276219816, 3.2262615747046017, 1.0811483388068108, 2.98222281407082]",0.8699600000000001,0.8694980000000001,0.87554,0.13019999999999998,0.8,0.0,0.8
erdos_renyi,8,2,1,QTL linear schedule to 0.80,3,20262432,"[4.307602282343021, 3.034090238606556, 2.891329909804126, 1.6537892584670473]",0.6652799999999999,0.6649999999999999,0.6784,0.0018,0.8,0.0,0.8
erdos_renyi,8,2,1,QTL linear schedule to 0.80,4,20262433,"[1.697931517675189, 4.9740234499068094, 5.809501218322688, 4.3764810471886175]",0.82334,0.8230439999999998,0.8300599999999999,0.0664,0.8,0.0,0.8
erdos_renyi,8,2,1,QTL linear schedule to 1.00,0,20262429,"[3.0045084741480124, 0.6658867766369198, 2.9231716237466285, 4.046416608096568]",0.8701599999999999,0.8679540000000001,0.87562,0.13219999999999998,1.0,0.0,1.0
erdos_renyi,8,2,1,QTL linear schedule to 1.00,1,20262430,"[5.1541213316333945, 3.721852295442659, 4.903726068591482, 1.2222919096378122]",0.66202,0.662466,0.6789799999999999,0.0031999999999999997,1.0,0.0,1.0
erdos_renyi,8,2,1,QTL linear schedule to 1.00,2,20262431,"[0.7781164276219816, 3.2262615747046017, 1.0811483388068108, 2.98222281407082]",0.8701799999999998,0.867976,0.87538,0.13219999999999998,1.0,0.0,1.0
erdos_renyi,8,2,1,QTL linear schedule to 1.00,3,20262432,"[4.307602282343021, 3.034090238606556, 2.891329909804126, 1.6537892584670473]",0.66288,0.6618860000000001,0.67588,0.002,1.0,0.0,1.0
erdos_renyi,8,2,1,QTL linear schedule to 1.00,4,20262433,"[1.697931517675189, 4.9740234499068094, 5.809501218322688, 4.3764810471886175]",0.8209800000000002,0.8217500000000001,0.82944,0.06839999999999999,1.0,0.0,1.0
erdos_renyi,8,2,1,QTL linear schedule to 1.20,0,20262429,"[3.0045084741480124, 0.6658867766369198, 2.9231716237466285, 4.046416608096568]",0.8682400000000001,0.8662220000000002,0.87546,0.13319999999999999,1.2,0.0,1.2
erdos_renyi,8,2,1,QTL linear schedule to 1.20,1,20262430,"[5.1541213316333945, 3.721852295442659, 4.903726068591482, 1.2222919096378122]",0.6584,0.6599800000000001,0.6770200000000001,0.003,1.2,0.0,1.2
erdos_renyi,8,2,1,QTL linear schedule to 1.20,2,20262431,"[0.7781164276219816, 3.2262615747046017, 1.0811483388068108, 2.98222281407082]",0.8682400000000001,0.8662340000000001,0.87492,0.13319999999999999,1.2,0.0,1.2
erdos_renyi,8,2,1,QTL linear schedule to 1.20,3,20262432,"[4.307602282343021, 3.034090238606556, 2.891329909804126, 1.6537892584670473]",0.6612600000000001,0.65954,0.6767999999999998,0.003,1.2,0.0,1.2
erdos_renyi,8,2,1,QTL linear schedule to 1.20,4,20262433,"[1.697931517675189, 4.9740234499068094, 5.809501218322688, 4.3764810471886175]",0.81836,0.819822,0.82918,0.0692,1.2,0.0,1.2
erdos_renyi,8,2,1,QTL linear schedule to 1.40,0,20262429,"[3.0045084741480124, 0.6658867766369198, 2.9231716237466285, 4.046416608096568]",0.86434,0.8641119999999999,0.87538,0.1346,1.4,0.0,1.4
erdos_renyi,8,2,1,QTL linear schedule to 1.40,1,20262430,"[5.1541213316333945, 3.721852295442659, 4.903726068591482, 1.2222919096378122]",0.65564,0.658204,0.6762600000000001,0.0038,1.4,0.0,1.4
erdos_renyi,8,2,1,QTL linear schedule to 1.40,2,20262431,"[0.7781164276219816, 3.2262615747046017, 1.0811483388068108, 2.98222281407082]",0.8644400000000001,0.86409,0.87422,0.13440000000000002,1.4,0.0,1.4
erdos_renyi,8,2,1,QTL linear schedule to 1.40,3,20262432,"[4.307602282343021, 3.034090238606556, 2.891329909804126, 1.6537892584670473]",0.65574,0.6583080000000001,0.6768000000000001,0.0028,1.4,0.0,1.4
erdos_renyi,8,2,1,QTL linear schedule to 1.40,4,20262433,"[1.697931517675189, 4.9740234499068094, 5.809501218322688, 4.3764810471886175]",0.8161000000000002,0.8181140000000001,0.82958,0.07100000000000001,1.4,0.0,1.4
erdos_renyi,8,2,1,QTL linear schedule to 1.60,0,20262429,"[3.0045084741480124, 0.6658867766369198, 2.9231716237466285, 4.046416608096568]",0.86234,0.862046,0.8748799999999999,0.1356,1.6,0.0,1.6
erdos_renyi,8,2,1,QTL linear schedule to 1.60,1,20262430,"[5.1541213316333945, 3.721852295442659, 4.903726068591482, 1.2222919096378122]",0.6535599999999999,0.6565920000000001,0.67448,0.0048000000000000004,1.6,0.0,1.6
erdos_renyi,8,2,1,QTL linear schedule to 1.60,2,20262431,"[0.7781164276219816, 3.2262615747046017, 1.0811483388068108, 2.98222281407082]",0.8622799999999999,0.862008,0.87442,0.1356,1.6,0.0,1.6
erdos_renyi,8,2,1,QTL linear schedule to 1.60,3,20262432,"[4.307602282343021, 3.034090238606556, 2.891329909804126, 1.6537892584670473]",0.6553599999999999,0.65716,0.67436,0.0042,1.6,0.0,1.6
erdos_renyi,8,2,1,QTL linear schedule to 1.60,4,20262433,"[1.697931517675189, 4.9740234499068094, 5.809501218322688, 4.3764810471886175]",0.8146800000000001,0.8166419999999999,0.82864,0.0716,1.6,0.0,1.6
erdos_renyi,8,2,1,QTL linear schedule to 2.00,0,20262429,"[3.0045084741480124, 0.6658867766369198, 2.9231716237466285, 4.046416608096568]",0.8575799999999999,0.8588699999999999,0.87456,0.1376,2.0,0.0,2.0
erdos_renyi,8,2,1,QTL linear schedule to 2.00,1,20262430,"[5.1541213316333945, 3.721852295442659, 4.903726068591482, 1.2222919096378122]",0.6472399999999999,0.651294,0.6745,0.0074,2.0,0.0,2.0
erdos_renyi,8,2,1,QTL linear schedule to 2.00,2,20262431,"[0.7781164276219816, 3.2262615747046017, 1.0811483388068108, 2.98222281407082]",0.8575600000000001,0.8588720000000001,0.8737400000000001,0.1376,2.0,0.0,2.0
erdos_renyi,8,2,1,QTL linear schedule to 2.00,3,20262432,"[4.307602282343021, 3.034090238606556, 2.891329909804126, 1.6537892584670473]",0.65334,0.654618,0.6728799999999999,0.0066,2.0,0.0,2.0
erdos_renyi,8,2,1,QTL linear schedule to 2.00,4,20262433,"[1.697931517675189, 4.9740234499068094, 5.809501218322688, 4.3764810471886175]",0.8131400000000001,0.813782,0.8279,0.0722,2.0,0.0,2.0
erdos_renyi,8,2,1,QTL linear schedule to 2.50,0,20262429,"[3.0045084741480124, 0.6658867766369198, 2.9231716237466285, 4.046416608096568]",0.85232,0.8539299999999999,0.8748000000000001,0.13840000000000002,2.5,0.0,2.5
erdos_renyi,8,2,1,QTL linear schedule to 2.50,1,20262430,"[5.1541213316333945, 3.721852295442659, 4.903726068591482, 1.2222919096378122]",0.61422,0.6238999999999999,0.67408,0.039,2.5,0.0,2.5
erdos_renyi,8,2,1,QTL linear schedule to 2.50,2,20262431,"[0.7781164276219816, 3.2262615747046017, 1.0811483388068108, 2.98222281407082]",0.8524,0.853936,0.87422,0.13840000000000002,2.5,0.0,2.5
erdos_renyi,8,2,1,QTL linear schedule to 2.50,3,20262432,"[4.307602282343021, 3.034090238606556, 2.891329909804126, 1.6537892584670473]",0.6424,0.645928,0.67258,0.0138,2.5,0.0,2.5
erdos_renyi,8,2,1,QTL linear schedule to 2.50,4,20262433,"[1.697931517675189, 4.9740234499068094, 5.809501218322688, 4.3764810471886175]",0.81016,0.8101920000000001,0.8280799999999999,0.0728,2.5,0.0,2.5
erdos_renyi,8,2,1,QTL linear schedule to 3.00,0,20262429,"[3.0045084741480124, 0.6658867766369198, 2.9231716237466285, 4.046416608096568]",0.8483599999999999,0.848822,0.8742000000000001,0.14,3.0,0.0,3.0
erdos_renyi,8,2,1,QTL linear schedule to 3.00,1,20262430,"[5.1541213316333945, 3.721852295442659, 4.903726068591482, 1.2222919096378122]",0.63862,0.6310800000000001,0.6748200000000001,0.064,3.0,0.0,3.0
erdos_renyi,8,2,1,QTL linear schedule to 3.00,2,20262431,"[0.7781164276219816, 3.2262615747046017, 1.0811483388068108, 2.98222281407082]",0.8483799999999999,0.848806,0.8724599999999999,0.14,3.0,0.0,3.0
erdos_renyi,8,2,1,QTL linear schedule to 3.00,3,20262432,"[4.307602282343021, 3.034090238606556, 2.891329909804126, 1.6537892584670473]",0.61364,0.6307720000000001,0.6700199999999998,0.0278,3.0,0.0,3.0
erdos_renyi,8,2,1,QTL linear schedule to 3.00,4,20262433,"[1.697931517675189, 4.9740234499068094, 5.809501218322688, 4.3764810471886175]",0.80536,0.8076679999999999,0.8280000000000001,0.07339999999999999,3.0,0.0,3.0
erdos_renyi,8,2,1,QTL linear schedule to 4.00,0,20262429,"[3.0045084741480124, 0.6658867766369198, 2.9231716237466285, 4.046416608096568]",0.84306,0.8428500000000001,0.8706400000000001,0.1402,4.0,0.0,4.0
erdos_renyi,8,2,1,QTL linear schedule to 4.00,1,20262430,"[5.1541213316333945, 3.721852295442659, 4.903726068591482, 1.2222919096378122]",0.69546,0.662256,0.69546,0.1142,4.0,0.0,4.0
erdos_renyi,8,2,1,QTL linear schedule to 4.00,2,20262431,"[0.7781164276219816, 3.2262615747046017, 1.0811483388068108, 2.98222281407082]",0.84306,0.842848,0.8721,0.1402,4.0,0.0,4.0
erdos_renyi,8,2,1,QTL linear schedule to 4.00,3,20262432,"[4.307602282343021, 3.034090238606556, 2.891329909804126, 1.6537892584670473]",0.64724,0.649636,0.6710800000000001,0.009000000000000001,4.0,0.0,4.0
erdos_renyi,8,2,1,QTL linear schedule to 4.00,4,20262433,"[1.697931517675189, 4.9740234499068094, 5.809501218322688, 4.3764810471886175]",0.80022,0.803964,0.82744,0.0738,4.0,0.0,4.0
erdos_renyi,8,2,2,QTL linear schedule to 0.00,0,20262429,"[3.0045084741480124, 0.6658867766369198, 2.9231716237466285, 4.046416608096568]",0.7681600000000001,0.764538,0.77242,0.2736,0.0,0.0,0.0
erdos_renyi,8,2,2,QTL linear schedule to 0.00,1,20262430,"[5.1541213316333945, 3.721852295442659, 4.903726068591482, 1.2222919096378122]",0.54316,0.5463359999999999,0.55192,0.0282,0.0,0.0,0.0
erdos_renyi,8,2,2,QTL linear schedule to 0.00,2,20262431,"[0.7781164276219816, 3.2262615747046017, 1.0811483388068108, 2.98222281407082]",0.81752,0.81585,0.8242,0.406,0.0,0.0,0.0
erdos_renyi,8,2,2,QTL linear schedule to 0.00,3,20262432,"[4.307602282343021, 3.034090238606556, 2.891329909804126, 1.6537892584670473]",0.54414,0.546416,0.55286,0.0286,0.0,0.0,0.0
erdos_renyi,8,2,2,QTL linear schedule to 0.00,4,20262433,"[1.697931517675189, 4.9740234499068094, 5.809501218322688, 4.3764810471886175]",0.71342,0.710584,0.7199800000000001,0.17,0.0,0.0,0.0
erdos_renyi,8,2,2,QTL linear schedule to 0.20,0,20262429,"[3.0045084741480124, 0.6658867766369198, 2.9231716237466285, 4.046416608096568]",0.76868,0.76423,0.7721600000000001,0.2888,0.2,0.0,0.2
erdos_renyi,8,2,2,QTL linear schedule to 0.20,1,20262430,"[5.1541213316333945, 3.721852295442659, 4.903726068591482, 1.2222919096378122]",0.5421400000000001,0.54638,0.55188,0.0296,0.2,0.0,0.2
erdos_renyi,8,2,2,QTL linear schedule to 0.20,2,20262431,"[0.7781164276219816, 3.2262615747046017, 1.0811483388068108, 2.98222281407082]",0.81752,0.8158999999999998,0.8238800000000002,0.41400000000000003,0.2,0.0,0.2
erdos_renyi,8,2,2,QTL linear schedule to 0.20,3,20262432,"[4.307602282343021, 3.034090238606556, 2.891329909804126, 1.6537892584670473]",0.5431,0.5458559999999999,0.5525,0.0296,0.2,0.0,0.2
erdos_renyi,8,2,2,QTL linear schedule to 0.20,4,20262433,"[1.697931517675189, 4.9740234499068094, 5.809501218322688, 4.3764810471886175]",0.71164,0.710002,0.7176,0.182,0.2,0.0,0.2
erdos_renyi,8,2,2,QTL linear schedule to 0.40,0,20262429,"[3.0045084741480124, 0.6658867766369198, 2.9231716237466285, 4.046416608096568]",0.7651800000000001,0.761394,0.76974,0.3004,0.4,0.0,0.4
erdos_renyi,8,2,2,QTL linear schedule to 0.40,1,20262430,"[5.1541213316333945, 3.721852295442659, 4.903726068591482, 1.2222919096378122]",0.54218,0.546434,0.5520799999999999,0.029400000000000003,0.4,0.0,0.4
erdos_renyi,8,2,2,QTL linear schedule to 0.40,2,20262431,"[0.7781164276219816, 3.2262615747046017, 1.0811483388068108, 2.98222281407082]",0.81692,0.814724,0.8234400000000001,0.4168,0.4,0.0,0.4
erdos_renyi,8,2,2,QTL linear schedule to 0.40,3,20262432,"[4.307602282343021, 3.034090238606556, 2.891329909804126, 1.6537892584670473]",0.5423,0.5459479999999999,0.55304,0.03,0.4,0.0,0.4
erdos_renyi,8,2,2,QTL linear schedule to 0.40,4,20262433,"[1.697931517675189, 4.9740234499068094, 5.809501218322688, 4.3764810471886175]",0.7103400000000001,0.7073760000000001,0.7162599999999999,0.192,0.4,0.0,0.4
erdos_renyi,8,2,2,QTL linear schedule to 0.60,0,20262429,"[3.0045084741480124, 0.6658867766369198, 2.9231716237466285, 4.046416608096568]",0.7626800000000001,0.758772,0.7701,0.3056,0.6,0.0,0.6
erdos_renyi,8,2,2,QTL linear schedule to 0.60,1,20262430,"[5.1541213316333945, 3.721852295442659, 4.903726068591482, 1.2222919096378122]",0.5416,0.5459620000000001,0.5518400000000001,0.0296,0.6,0.0,0.6
erdos_renyi,8,2,2,QTL linear schedule to 0.60,2,20262431,"[0.7781164276219816, 3.2262615747046017, 1.0811483388068108, 2.98222281407082]",0.81586,0.8136460000000001,0.82344,0.41859999999999997,0.6,0.0,0.6
erdos_renyi,8,2,2,QTL linear schedule to 0.60,3,20262432,"[4.307602282343021, 3.034090238606556, 2.891329909804126, 1.6537892584670473]",0.54386,0.5463099999999999,0.55308,0.0298,0.6,0.0,0.6
erdos_renyi,8,2,2,QTL linear schedule to 0.60,4,20262433,"[1.697931517675189, 4.9740234499068094, 5.809501218322688, 4.3764810471886175]",0.70672,0.704108,0.7166800000000001,0.196,0.6,0.0,0.6
erdos_renyi,8,2,2,QTL linear schedule to 0.80,0,20262429,"[3.0045084741480124, 0.6658867766369198, 2.9231716237466285, 4.046416608096568]",0.7595200000000001,0.755994,0.76976,0.3094,0.8,0.0,0.8
erdos_renyi,8,2,2,QTL linear schedule to 0.80,1,20262430,"[5.1541213316333945, 3.721852295442659, 4.903726068591482, 1.2222919096378122]",0.5440200000000001,0.545944,0.55242,0.0286,0.8,0.0,0.8
erdos_renyi,8,2,2,QTL linear schedule to 0.80,2,20262431,"[0.7781164276219816, 3.2262615747046017, 1.0811483388068108, 2.98222281407082]",0.81494,0.8123760000000001,0.8233,0.4222,0.8,0.0,0.8
erdos_renyi,8,2,2,QTL linear schedule to 0.80,3,20262432,"[4.307602282343021, 3.034090238606556, 2.891329909804126, 1.6537892584670473]",0.5440200000000001,0.5466059999999999,0.55372,0.0286,0.8,0.0,0.8
erdos_renyi,8,2,2,QTL linear schedule to 0.80,4,20262433,"[1.697931517675189, 4.9740234499068094, 5.809501218322688, 4.3764810471886175]",0.7040399999999999,0.7014539999999999,0.71694,0.1976,0.8,0.0,0.8
erdos_renyi,8,2,2,QTL linear schedule to 1.00,0,20262429,"[3.0045084741480124, 0.6658867766369198, 2.9231716237466285, 4.046416608096568]",0.7577,0.754296,0.76916,0.31020000000000003,1.0,0.0,1.0
erdos_renyi,8,2,2,QTL linear schedule to 1.00,1,20262430,"[5.1541213316333945, 3.721852295442659, 4.903726068591482, 1.2222919096378122]",0.54308,0.546434,0.55262,0.0288,1.0,0.0,1.0
erdos_renyi,8,2,2,QTL linear schedule to 1.00,2,20262431,"[0.7781164276219816, 3.2262615747046017, 1.0811483388068108, 2.98222281407082]",0.8148,0.8116220000000001,0.8229199999999999,0.425,1.0,0.0,1.0
erdos_renyi,8,2,2,QTL linear schedule to 1.00,3,20262432,"[4.307602282343021, 3.034090238606556, 2.891329909804126, 1.6537892584670473]",0.54264,0.5469760000000001,0.5534600000000001,0.0286,1.0,0.0,1.0
erdos_renyi,8,2,2,QTL linear schedule to 1.00,4,20262433,"[1.697931517675189, 4.9740234499068094, 5.809501218322688, 4.3764810471886175]",0.7019200000000001,0.698972,0.7159800000000001,0.1984,1.0,0.0,1.0
erdos_renyi,8,2,2,QTL linear schedule to 1.20,0,20262429,"[3.0045084741480124, 0.6658867766369198, 2.9231716237466285, 4.046416608096568]",0.75602,0.752812,0.76986,0.3104,1.2,0.0,1.2
erdos_renyi,8,2,2,QTL linear schedule to 1.20,1,20262430,"[5.1541213316333945, 3.721852295442659, 4.903726068591482, 1.2222919096378122]",0.5437,0.546508,0.5531,0.0292,1.2,0.0,1.2
erdos_renyi,8,2,2,QTL linear schedule to 1.20,2,20262431,"[0.7781164276219816, 3.2262615747046017, 1.0811483388068108, 2.98222281407082]",0.8146599999999999,0.810892,0.8231999999999999,0.4266,1.2,0.0,1.2
erdos_renyi,8,2,2,QTL linear schedule to 1.20,3,20262432,"[4.307602282343021, 3.034090238606556, 2.891329909804126, 1.6537892584670473]",0.5435000000000001,0.5465500000000001,0.55314,0.0298,1.2,0.0,1.2
erdos_renyi,8,2,2,QTL linear schedule to 1.20,4,20262433,"[1.697931517675189, 4.9740234499068094, 5.809501218322688, 4.3764810471886175]",0.69984,0.697122,0.71508,0.1996,1.2,0.0,1.2
erdos_renyi,8,2,2,QTL linear schedule to 1.40,0,20262429,"[3.0045084741480124, 0.6658867766369198, 2.9231716237466285, 4.046416608096568]",0.7554399999999999,0.751656,0.76976,0.3104,1.4,0.0,1.4
erdos_renyi,8,2,2,QTL linear schedule to 1.40,1,20262430,"[5.1541213316333945, 3.721852295442659, 4.903726068591482, 1.2222919096378122]",0.54442,0.5461959999999999,0.55292,0.0308,1.4,0.0,1.4
erdos_renyi,8,2,2,QTL linear schedule to 1.40,2,20262431,"[0.7781164276219816, 3.2262615747046017, 1.0811483388068108, 2.98222281407082]",0.81372,0.8101600000000001,0.82298,0.427,1.4,0.0,1.4
erdos_renyi,8,2,2,QTL linear schedule to 1.40,3,20262432,"[4.307602282343021, 3.034090238606556, 2.891329909804126, 1.6537892584670473]",0.5442400000000001,0.546386,0.5536399999999999,0.0308,1.4,0.0,1.4
erdos_renyi,8,2,2,QTL linear schedule to 1.40,4,20262433,"[1.697931517675189, 4.9740234499068094, 5.809501218322688, 4.3764810471886175]",0.6993,0.695698,0.7155799999999999,0.20079999999999998,1.4,0.0,1.4
erdos_renyi,8,2,2,QTL linear schedule to 1.60,0,20262429,"[3.0045084741480124, 0.6658867766369198, 2.9231716237466285, 4.046416608096568]",0.75438,0.7505900000000001,0.76926,0.3104,1.6,0.0,1.6
erdos_renyi,8,2,2,QTL linear schedule to 1.60,1,20262430,"[5.1541213316333945, 3.721852295442659, 4.903726068591482, 1.2222919096378122]",0.5445800000000001,0.546368,0.5532400000000001,0.0312,1.6,0.0,1.6
erdos_renyi,8,2,2,QTL linear schedule to 1.60,2,20262431,"[0.7781164276219816, 3.2262615747046017, 1.0811483388068108, 2.98222281407082]",0.81288,0.809632,0.82302,0.427,1.6,0.0,1.6
erdos_renyi,8,2,2,QTL linear schedule to 1.60,3,20262432,"[4.307602282343021, 3.034090238606556, 2.891329909804126, 1.6537892584670473]",0.54356,0.546306,0.55406,0.030600000000000002,1.6,0.0,1.6
erdos_renyi,8,2,2,QTL linear schedule to 1.60,4,20262433,"[1.697931517675189, 4.9740234499068094, 5.809501218322688, 4.3764810471886175]",0.69814,0.69459,0.7156199999999999,0.201,1.6,0.0,1.6
erdos_renyi,8,2,2,QTL linear schedule to 2.00,0,20262429,"[3.0045084741480124, 0.6658867766369198, 2.9231716237466285, 4.046416608096568]",0.75292,0.749144,0.76954,0.3104,2.0,0.0,2.0
erdos_renyi,8,2,2,QTL linear schedule to 2.00,1,20262430,"[5.1541213316333945, 3.721852295442659, 4.903726068591482, 1.2222919096378122]",0.5445599999999999,0.546032,0.5527200000000001,0.0304,2.0,0.0,2.0
erdos_renyi,8,2,2,QTL linear schedule to 2.00,2,20262431,"[0.7781164276219816, 3.2262615747046017, 1.0811483388068108, 2.98222281407082]",0.8129000000000002,0.80921,0.8225000000000001,0.4286,2.0,0.0,2.0
erdos_renyi,8,2,2,QTL linear schedule to 2.00,3,20262432,"[4.307602282343021, 3.034090238606556, 2.891329909804126, 1.6537892584670473]",0.5432,0.5458019999999999,0.5543600000000001,0.031,2.0,0.0,2.0
erdos_renyi,8,2,2,QTL linear schedule to 2.00,4,20262433,"[1.697931517675189, 4.9740234499068094, 5.809501218322688, 4.3764810471886175]",0.6981200000000001,0.693114,0.71496,0.2026,2.0,0.0,2.0
erdos_renyi,8,2,2,QTL linear schedule to 2.50,0,20262429,"[3.0045084741480124, 0.6658867766369198, 2.9231716237466285, 4.046416608096568]",0.7530000000000001,0.7485920000000001,0.7693,0.311,2.5,0.0,2.5
erdos_renyi,8,2,2,QTL linear schedule to 2.50,1,20262430,"[5.1541213316333945, 3.721852295442659, 4.903726068591482, 1.2222919096378122]",0.5443,0.545632,0.5532600000000001,0.0308,2.5,0.0,2.5
erdos_renyi,8,2,2,QTL linear schedule to 2.50,2,20262431,"[0.7781164276219816, 3.2262615747046017, 1.0811483388068108, 2.98222281407082]",0.81232,0.808774,0.82298,0.4286,2.5,0.0,2.5
erdos_renyi,8,2,2,QTL linear schedule to 2.50,3,20262432,"[4.307602282343021, 3.034090238606556, 2.891329909804126, 1.6537892584670473]",0.5418000000000001,0.545226,0.5531200000000001,0.0302,2.5,0.0,2.5
erdos_renyi,8,2,2,QTL linear schedule to 2.50,4,20262433,"[1.697931517675189, 4.9740234499068094, 5.809501218322688, 4.3764810471886175]",0.6972999999999999,0.6923160000000002,0.71412,0.203,2.5,0.0,2.5
erdos_renyi,8,2,2,QTL linear schedule to 3.00,0,20262429,"[3.0045084741480124, 0.6658867766369198, 2.9231716237466285, 4.046416608096568]",0.7522800000000001,0.748018,0.76812,0.311,3.0,0.0,3.0
erdos_renyi,8,2,2,QTL linear schedule to 3.00,1,20262430,"[5.1541213316333945, 3.721852295442659, 4.903726068591482, 1.2222919096378122]",0.5436599999999999,0.54541,0.5530200000000001,0.030600000000000002,3.0,0.0,3.0
erdos_renyi,8,2,2,QTL linear schedule to 3.00,2,20262431,"[0.7781164276219816, 3.2262615747046017, 1.0811483388068108, 2.98222281407082]",0.8122800000000001,0.8085559999999999,0.8214600000000001,0.4286,3.0,0.0,3.0
erdos_renyi,8,2,2,QTL linear schedule to 3.00,3,20262432,"[4.307602282343021, 3.034090238606556, 2.891329909804126, 1.6537892584670473]",0.5420999999999999,0.545328,0.5530600000000001,0.0302,3.0,0.0,3.0
erdos_renyi,8,2,2,QTL linear schedule to 3.00,4,20262433,"[1.697931517675189, 4.9740234499068094, 5.809501218322688, 4.3764810471886175]",0.6965999999999999,0.691712,0.7133800000000001,0.2036,3.0,0.0,3.0
erdos_renyi,8,2,2,QTL linear schedule to 4.00,0,20262429,"[3.0045084741480124, 0.6658867766369198, 2.9231716237466285, 4.046416608096568]",0.7516,0.747342,0.7676400000000001,0.311,4.0,0.0,4.0
erdos_renyi,8,2,2,QTL linear schedule to 4.00,1,20262430,"[5.1541213316333945, 3.721852295442659, 4.903726068591482, 1.2222919096378122]",0.5437000000000001,0.545636,0.5534800000000001,0.0304,4.0,0.0,4.0
erdos_renyi,8,2,2,QTL linear schedule to 4.00,2,20262431,"[0.7781164276219816, 3.2262615747046017, 1.0811483388068108, 2.98222281407082]",0.8122199999999999,0.8081200000000001,0.82112,0.4288,4.0,0.0,4.0
erdos_renyi,8,2,2,QTL linear schedule to 4.00,3,20262432,"[4.307602282343021, 3.034090238606556, 2.891329909804126, 1.6537892584670473]",0.5432,0.545704,0.5530800000000001,0.030400000000000003,4.0,0.0,4.0
erdos_renyi,8,2,2,QTL linear schedule to 4.00,4,20262433,"[1.697931517675189, 4.9740234499068094, 5.809501218322688, 4.3764810471886175]",0.69654,0.691376,0.7122400000000001,0.2038,4.0,0.0,4.0
erdos_renyi,8,2,3,QTL linear schedule to 0.00,0,20262429,"[3.0045084741480124, 0.6658867766369198, 2.9231716237466285, 4.046416608096568]",0.8502444444444445,0.8482733333333334,0.8534666666666667,0.248,0.0,0.0,0.0
erdos_renyi,8,2,3,QTL linear schedule to 0.00,1,20262430,"[5.1541213316333945, 3.721852295442659, 4.903726068591482, 1.2222919096378122]",0.6481333333333333,0.6471266666666666,0.6495111111111112,0.014599999999999998,0.0,0.0,0.0
erdos_renyi,8,2,3,QTL linear schedule to 0.00,2,20262431,"[0.7781164276219816, 3.2262615747046017, 1.0811483388068108, 2.98222281407082]",0.8500444444444444,0.8483022222222221,0.8535333333333335,0.248,0.0,0.0,0.0
erdos_renyi,8,2,3,QTL linear schedule to 0.00,3,20262432,"[4.307602282343021, 3.034090238606556, 2.891329909804126, 1.6537892584670473]",0.5774222222222222,0.5772777777777778,0.5824666666666667,0.0116,0.0,0.0,0.0
erdos_renyi,8,2,3,QTL linear schedule to 0.00,4,20262433,"[1.697931517675189, 4.9740234499068094, 5.809501218322688, 4.3764810471886175]",0.7537111111111111,0.7530844444444444,0.7588222222222222,0.1036,0.0,0.0,0.0
erdos_renyi,8,2,3,QTL linear schedule to 0.20,0,20262429,"[3.0045084741480124, 0.6658867766369198, 2.9231716237466285, 4.046416608096568]",0.8497333333333333,0.8480088888888888,0.8528,0.2526,0.2,0.0,0.2
erdos_renyi,8,2,3,QTL linear schedule to 0.20,1,20262430,"[5.1541213316333945, 3.721852295442659, 4.903726068591482, 1.2222919096378122]",0.6497333333333333,0.645411111111111,0.6497333333333333,0.016,0.2,0.0,0.2
erdos_renyi,8,2,3,QTL linear schedule to 0.20,2,20262431,"[0.7781164276219816, 3.2262615747046017, 1.0811483388068108, 2.98222281407082]",0.8496888888888888,0.8480488888888889,0.8529333333333332,0.2526,0.2,0.0,0.2
erdos_renyi,8,2,3,QTL linear schedule to 0.20,3,20262432,"[4.307602282343021, 3.034090238606556, 2.891329909804126, 1.6537892584670473]",0.5765333333333333,0.5767288888888888,0.5829111111111112,0.0106,0.2,0.0,0.2
erdos_renyi,8,2,3,QTL linear schedule to 0.20,4,20262433,"[1.697931517675189, 4.9740234499068094, 5.809501218322688, 4.3764810471886175]",0.753688888888889,0.7527644444444445,0.7590666666666667,0.1102,0.2,0.0,0.2
erdos_renyi,8,2,3,QTL linear schedule to 0.40,0,20262429,"[3.0045084741480124, 0.6658867766369198, 2.9231716237466285, 4.046416608096568]",0.8493555555555555,0.84748,0.8528888888888889,0.255,0.4,0.0,0.4
erdos_renyi,8,2,3,QTL linear schedule to 0.40,1,20262430,"[5.1541213316333945, 3.721852295442659, 4.903726068591482, 1.2222919096378122]",0.613,0.60998,0.6150666666666667,0.006,0.4,0.0,0.4
erdos_renyi,8,2,3,QTL linear schedule to 0.40,2,20262431,"[0.7781164276219816, 3.2262615747046017, 1.0811483388068108, 2.98222281407082]",0.8493555555555555,0.8474288888888889,0.8524666666666666,0.255,0.4,0.0,0.4
erdos_renyi,8,2,3,QTL linear schedule to 0.40,3,20262432,"[4.307602282343021, 3.034090238606556, 2.891329909804126, 1.6537892584670473]",0.5728,0.5750088888888889,0.5792666666666668,0.0086,0.4,0.0,0.4
erdos_renyi,8,2,3,QTL linear schedule to 0.40,4,20262433,"[1.697931517675189, 4.9740234499068094, 5.809501218322688, 4.3764810471886175]",0.7527555555555555,0.7514777777777778,0.7587555555555556,0.1122,0.4,0.0,0.4
erdos_renyi,8,2,3,QTL linear schedule to 0.60,0,20262429,"[3.0045084741480124, 0.6658867766369198, 2.9231716237466285, 4.046416608096568]",0.8484666666666666,0.8467444444444444,0.8520888888888889,0.2562,0.6,0.0,0.6
erdos_renyi,8,2,3,QTL linear schedule to 0.60,1,20262430,"[5.1541213316333945, 3.721852295442659, 4.903726068591482, 1.2222919096378122]",0.6106888888888888,0.6078733333333334,0.6137333333333334,0.006200000000000001,0.6,0.0,0.6
erdos_renyi,8,2,3,QTL linear schedule to 0.60,2,20262431,"[0.7781164276219816, 3.2262615747046017, 1.0811483388068108, 2.98222281407082]",0.8483555555555555,0.8467377777777777,0.8524666666666667,0.2562,0.6,0.0,0.6
erdos_renyi,8,2,3,QTL linear schedule to 0.60,3,20262432,"[4.307602282343021, 3.034090238606556, 2.891329909804126, 1.6537892584670473]",0.5700666666666666,0.5691822222222223,0.5737555555555555,0.006,0.6,0.0,0.6
erdos_renyi,8,2,3,QTL linear schedule to 0.60,4,20262433,"[1.697931517675189, 4.9740234499068094, 5.809501218322688, 4.3764810471886175]",0.7500444444444445,0.7499488888888889,0.7593555555555556,0.1152,0.6,0.0,0.6
erdos_renyi,8,2,3,QTL linear schedule to 0.80,0,20262429,"[3.0045084741480124, 0.6658867766369198, 2.9231716237466285, 4.046416608096568]",0.8478888888888889,0.8458666666666665,0.8519777777777778,0.25739999999999996,0.8,0.0,0.8
erdos_renyi,8,2,3,QTL linear schedule to 0.80,1,20262430,"[5.1541213316333945, 3.721852295442659, 4.903726068591482, 1.2222919096378122]",0.6116222222222222,0.6069644444444445,0.6131555555555556,0.006,0.8,0.0,0.8
erdos_renyi,8,2,3,QTL linear schedule to 0.80,2,20262431,"[0.7781164276219816, 3.2262615747046017, 1.0811483388068108, 2.98222281407082]",0.8478666666666668,0.8459311111111111,0.8521333333333333,0.25739999999999996,0.8,0.0,0.8
erdos_renyi,8,2,3,QTL linear schedule to 0.80,3,20262432,"[4.307602282343021, 3.034090238606556, 2.891329909804126, 1.6537892584670473]",0.5674222222222222,0.5640222222222222,0.5714222222222222,0.009399999999999999,0.8,0.0,0.8
erdos_renyi,8,2,3,QTL linear schedule to 0.80,4,20262433,"[1.697931517675189, 4.9740234499068094, 5.809501218322688, 4.3764810471886175]",0.7483333333333333,0.7484333333333334,0.7596222222222223,0.1162,0.8,0.0,0.8
erdos_renyi,8,2,3,QTL linear schedule to 1.00,0,20262429,"[3.0045084741480124, 0.6658867766369198, 2.9231716237466285, 4.046416608096568]",0.8468888888888889,0.8450066666666667,0.8521333333333333,0.2572,1.0,0.0,1.0
erdos_renyi,8,2,3,QTL linear schedule to 1.00,1,20262430,"[5.1541213316333945, 3.721852295442659, 4.903726068591482, 1.2222919096378122]",0.6112444444444445,0.6062511111111112,0.6130222222222222,0.0072,1.0,0.0,1.0
erdos_renyi,8,2,3,QTL linear schedule to 1.00,2,20262431,"[0.7781164276219816, 3.2262615747046017, 1.0811483388068108, 2.98222281407082]",0.8469777777777777,0.845,0.8522222222222221,0.2572,1.0,0.0,1.0
erdos_renyi,8,2,3,QTL linear schedule to 1.00,3,20262432,"[4.307602282343021, 3.034090238606556, 2.891329909804126, 1.6537892584670473]",0.5599777777777777,0.5585844444444446,0.5652222222222222,0.0142,1.0,0.0,1.0
erdos_renyi,8,2,3,QTL linear schedule to 1.00,4,20262433,"[1.697931517675189, 4.9740234499068094, 5.809501218322688, 4.3764810471886175]",0.7465111111111111,0.7469333333333334,0.7596444444444445,0.1166,1.0,0.0,1.0
erdos_renyi,8,2,3,QTL linear schedule to 1.20,0,20262429,"[3.0045084741480124, 0.6658867766369198, 2.9231716237466285, 4.046416608096568]",0.8467333333333333,0.8444377777777777,0.8518,0.25760000000000005,1.2,0.0,1.2
erdos_renyi,8,2,3,QTL linear schedule to 1.20,1,20262430,"[5.1541213316333945, 3.721852295442659, 4.903726068591482, 1.2222919096378122]",0.6078222222222223,0.6054644444444445,0.6132444444444444,0.0112,1.2,0.0,1.2
erdos_renyi,8,2,3,QTL linear schedule to 1.20,2,20262431,"[0.7781164276219816, 3.2262615747046017, 1.0811483388068108, 2.98222281407082]",0.8467555555555555,0.8444688888888889,0.8519777777777778,0.25760000000000005,1.2,0.0,1.2
erdos_renyi,8,2,3,QTL linear schedule to 1.20,3,20262432,"[4.307602282343021, 3.034090238606556, 2.891329909804126, 1.6537892584670473]",0.557888888888889,0.5537222222222222,0.5649777777777777,0.0144,1.2,0.0,1.2
erdos_renyi,8,2,3,QTL linear schedule to 1.20,4,20262433,"[1.697931517675189, 4.9740234499068094, 5.809501218322688, 4.3764810471886175]",0.7464,0.7451733333333334,0.7592222222222222,0.11599999999999999,1.2,0.0,1.2
erdos_renyi,8,2,3,QTL linear schedule to 1.40,0,20262429,"[3.0045084741480124, 0.6658867766369198, 2.9231716237466285, 4.046416608096568]",0.8467777777777777,0.8443555555555555,0.8520444444444445,0.25760000000000005,1.4,0.0,1.4
erdos_renyi,8,2,3,QTL linear schedule to 1.40,1,20262430,"[5.1541213316333945, 3.721852295442659, 4.903726068591482, 1.2222919096378122]",0.5845111111111111,0.5972822222222223,0.613,0.0218,1.4,0.0,1.4
erdos_renyi,8,2,3,QTL linear schedule to 1.40,2,20262431,"[0.7781164276219816, 3.2262615747046017, 1.0811483388068108, 2.98222281407082]",0.8468444444444445,0.8443377777777779,0.8521111111111112,0.25760000000000005,1.4,0.0,1.4
erdos_renyi,8,2,3,QTL linear schedule to 1.40,3,20262432,"[4.307602282343021, 3.034090238606556, 2.891329909804126, 1.6537892584670473]",0.5511555555555555,0.5505000000000001,0.5658444444444445,0.012799999999999999,1.4,0.0,1.4
erdos_renyi,8,2,3,QTL linear schedule to 1.40,4,20262433,"[1.697931517675189, 4.9740234499068094, 5.809501218322688, 4.3764810471886175]",0.7459333333333333,0.7436377777777778,0.7594888888888889,0.1172,1.4,0.0,1.4
erdos_renyi,8,2,3,QTL linear schedule to 1.60,0,20262429,"[3.0045084741480124, 0.6658867766369198, 2.9231716237466285, 4.046416608096568]",0.8463555555555556,0.8438599999999999,0.8522888888888889,0.25780000000000003,1.6,0.0,1.6
erdos_renyi,8,2,3,QTL linear schedule to 1.60,1,20262430,"[5.1541213316333945, 3.721852295442659, 4.903726068591482, 1.2222919096378122]",0.6057777777777777,0.5764133333333333,0.6118888888888888,0.060399999999999995,1.6,0.0,1.6
erdos_renyi,8,2,3,QTL linear schedule to 1.60,2,20262431,"[0.7781164276219816, 3.2262615747046017, 1.0811483388068108, 2.98222281407082]",0.8464666666666667,0.8438977777777777,0.8522222222222222,0.25780000000000003,1.6,0.0,1.6
erdos_renyi,8,2,3,QTL linear schedule to 1.60,3,20262432,"[4.307602282343021, 3.034090238606556, 2.891329909804126, 1.6537892584670473]",0.5523777777777777,0.5498888888888889,0.5656666666666667,0.0154,1.6,0.0,1.6
erdos_renyi,8,2,3,QTL linear schedule to 1.60,4,20262433,"[1.697931517675189, 4.9740234499068094, 5.809501218322688, 4.3764810471886175]",0.7438222222222223,0.7425511111111113,0.7590222222222223,0.1178,1.6,0.0,1.6
erdos_renyi,8,2,3,QTL linear schedule to 2.00,0,20262429,"[3.0045084741480124, 0.6658867766369198, 2.9231716237466285, 4.046416608096568]",0.8462,0.8431133333333334,0.8512,0.2586,2.0,0.0,2.0
erdos_renyi,8,2,3,QTL linear schedule to 2.00,1,20262430,"[5.1541213316333945, 3.721852295442659, 4.903726068591482, 1.2222919096378122]",0.8465111111111112,0.8423288888888889,0.8465111111111112,0.25660000000000005,2.0,0.0,2.0
erdos_renyi,8,2,3,QTL linear schedule to 2.00,2,20262431,"[0.7781164276219816, 3.2262615747046017, 1.0811483388068108, 2.98222281407082]",0.8462,0.8431222222222223,0.8511333333333335,0.2586,2.0,0.0,2.0
erdos_renyi,8,2,3,QTL linear schedule to 2.00,3,20262432,"[4.307602282343021, 3.034090238606556, 2.891329909804126, 1.6537892584670473]",0.5519555555555556,0.5483511111111111,0.5655555555555556,0.015,2.0,0.0,2.0
erdos_renyi,8,2,3,QTL linear schedule to 2.00,4,20262433,"[1.697931517675189, 4.9740234499068094, 5.809501218322688, 4.3764810471886175]",0.7411555555555557,0.7414599999999999,0.7597111111111111,0.11860000000000001,2.0,0.0,2.0
erdos_renyi,8,2,3,QTL linear schedule to 2.50,0,20262429,"[3.0045084741480124, 0.6658867766369198, 2.9231716237466285, 4.046416608096568]",0.8448666666666667,0.8426577777777778,0.8512444444444445,0.25880000000000003,2.5,0.0,2.5
erdos_renyi,8,2,3,QTL linear schedule to 2.50,1,20262430,"[5.1541213316333945, 3.721852295442659, 4.903726068591482, 1.2222919096378122]",0.8445777777777779,0.8422822222222223,0.8505555555555555,0.25880000000000003,2.5,0.0,2.5
erdos_renyi,8,2,3,QTL linear schedule to 2.50,2,20262431,"[0.7781164276219816, 3.2262615747046017, 1.0811483388068108, 2.98222281407082]",0.8448666666666667,0.842668888888889,0.8510222222222222,0.25880000000000003,2.5,0.0,2.5
erdos_renyi,8,2,3,QTL linear schedule to 2.50,3,20262432,"[4.307602282343021, 3.034090238606556, 2.891329909804126, 1.6537892584670473]",0.5535333333333333,0.5488755555555556,0.5658222222222222,0.0166,2.5,0.0,2.5
erdos_renyi,8,2,3,QTL linear schedule to 2.50,4,20262433,"[1.697931517675189, 4.9740234499068094, 5.809501218322688, 4.3764810471886175]",0.74,0.7402066666666667,0.759888888888889,0.1184,2.5,0.0,2.5
erdos_renyi,8,2,3,QTL linear schedule to 3.00,0,20262429,"[3.0045084741480124, 0.6658867766369198, 2.9231716237466285, 4.046416608096568]",0.8450444444444444,0.8424355555555556,0.8506666666666667,0.25880000000000003,3.0,0.0,3.0
erdos_renyi,8,2,3,QTL linear schedule to 3.00,1,20262430,"[5.1541213316333945, 3.721852295442659, 4.903726068591482, 1.2222919096378122]",0.8445111111111111,0.8424044444444444,0.8470444444444445,0.25880000000000003,3.0,0.0,3.0
erdos_renyi,8,2,3,QTL linear schedule to 3.00,2,20262431,"[0.7781164276219816, 3.2262615747046017, 1.0811483388068108, 2.98222281407082]",0.8450444444444444,0.8424377777777778,0.8500444444444446,0.25880000000000003,3.0,0.0,3.0
erdos_renyi,8,2,3,QTL linear schedule to 3.00,3,20262432,"[4.307602282343021, 3.034090238606556, 2.891329909804126, 1.6537892584670473]",0.5528888888888889,0.5492933333333333,0.5657111111111112,0.015,3.0,0.0,3.0
erdos_renyi,8,2,3,QTL linear schedule to 3.00,4,20262433,"[1.697931517675189, 4.9740234499068094, 5.809501218322688, 4.3764810471886175]",0.7380888888888889,0.7390044444444446,0.7589777777777778,0.1184,3.0,0.0,3.0
erdos_renyi,8,2,3,QTL linear schedule to 4.00,0,20262429,"[3.0045084741480124, 0.6658867766369198, 2.9231716237466285, 4.046416608096568]",0.8436222222222222,0.8419177777777778,0.8486222222222223,0.259,4.0,0.0,4.0
erdos_renyi,8,2,3,QTL linear schedule to 4.00,1,20262430,"[5.1541213316333945, 3.721852295442659, 4.903726068591482, 1.2222919096378122]",0.8432888888888889,0.8419644444444444,0.8475777777777778,0.259,4.0,0.0,4.0
erdos_renyi,8,2,3,QTL linear schedule to 4.00,2,20262431,"[0.7781164276219816, 3.2262615747046017, 1.0811483388068108, 2.98222281407082]",0.8434444444444444,0.841848888888889,0.8488888888888888,0.259,4.0,0.0,4.0
erdos_renyi,8,2,3,QTL linear schedule to 4.00,3,20262432,"[4.307602282343021, 3.034090238606556, 2.891329909804126, 1.6537892584670473]",0.5551555555555556,0.5497844444444444,0.5669555555555557,0.0154,4.0,0.0,4.0
erdos_renyi,8,2,3,QTL linear schedule to 4.00,4,20262433,"[1.697931517675189, 4.9740234499068094, 5.809501218322688, 4.3764810471886175]",0.7381777777777778,0.7381355555555555,0.7588666666666667,0.1184,4.0,0.0,4.0
erdos_renyi,8,2,4,QTL linear schedule to 0.00,0,20262429,"[3.0045084741480124, 0.6658867766369198, 2.9231716237466285, 4.046416608096568]",0.9194600000000002,0.920388,0.9239200000000001,0.453,0.0,0.0,0.0
erdos_renyi,8,2,4,QTL linear schedule to 0.00,1,20262430,"[5.1541213316333945, 3.721852295442659, 4.903726068591482, 1.2222919096378122]",0.8675599999999999,0.8684,0.8707800000000001,0.2272,0.0,0.0,0.0
erdos_renyi,8,2,4,QTL linear schedule to 0.00,2,20262431,"[0.7781164276219816, 3.2262615747046017, 1.0811483388068108, 2.98222281407082]",0.76908,0.7628639999999999,0.77044,0.0978,0.0,0.0,0.0
erdos_renyi,8,2,4,QTL linear schedule to 0.00,3,20262432,"[4.307602282343021, 3.034090238606556, 2.891329909804126, 1.6537892584670473]",0.7369,0.7359980000000002,0.7404400000000001,0.09220000000000002,0.0,0.0,0.0
erdos_renyi,8,2,4,QTL linear schedule to 0.00,4,20262433,"[1.697931517675189, 4.9740234499068094, 5.809501218322688, 4.3764810471886175]",0.8691800000000001,0.869932,0.87392,0.24739999999999998,0.0,0.0,0.0
erdos_renyi,8,2,4,QTL linear schedule to 0.20,0,20262429,"[3.0045084741480124, 0.6658867766369198, 2.9231716237466285, 4.046416608096568]",0.9178599999999999,0.9193439999999999,0.92372,0.4724,0.2,0.0,0.2
erdos_renyi,8,2,4,QTL linear schedule to 0.20,1,20262430,"[5.1541213316333945, 3.721852295442659, 4.903726068591482, 1.2222919096378122]",0.86622,0.86747,0.8705,0.23339999999999997,0.2,0.0,0.2
erdos_renyi,8,2,4,QTL linear schedule to 0.20,2,20262431,"[0.7781164276219816, 3.2262615747046017, 1.0811483388068108, 2.98222281407082]",0.73956,0.7363379999999999,0.7416,0.11060000000000002,0.2,0.0,0.2
erdos_renyi,8,2,4,QTL linear schedule to 0.20,3,20262432,"[4.307602282343021, 3.034090238606556, 2.891329909804126, 1.6537892584670473]",0.73552,0.733762,0.74092,0.111,0.2,0.0,0.2
erdos_renyi,8,2,4,QTL linear schedule to 0.20,4,20262433,"[1.697931517675189, 4.9740234499068094, 5.809501218322688, 4.3764810471886175]",0.86972,0.869426,0.87274,0.2548,0.2,0.0,0.2
erdos_renyi,8,2,4,QTL linear schedule to 0.40,0,20262429,"[3.0045084741480124, 0.6658867766369198, 2.9231716237466285, 4.046416608096568]",0.9170400000000001,0.9173200000000001,0.9234600000000001,0.4832,0.4,0.0,0.4
erdos_renyi,8,2,4,QTL linear schedule to 0.40,1,20262430,"[5.1541213316333945, 3.721852295442659, 4.903726068591482, 1.2222919096378122]",0.86632,0.8663739999999999,0.8705199999999997,0.2388,0.4,0.0,0.4
erdos_renyi,8,2,4,QTL linear schedule to 0.40,2,20262431,"[0.7781164276219816, 3.2262615747046017, 1.0811483388068108, 2.98222281407082]",0.72114,0.7244079999999999,0.74108,0.14,0.4,0.0,0.4
erdos_renyi,8,2,4,QTL linear schedule to 0.40,3,20262432,"[4.307602282343021, 3.034090238606556, 2.891329909804126, 1.6537892584670473]",0.7220599999999999,0.7243099999999999,0.74034,0.14079999999999998,0.4,0.0,0.4
erdos_renyi,8,2,4,QTL linear schedule to 0.40,4,20262433,"[1.697931517675189, 4.9740234499068094, 5.809501218322688, 4.3764810471886175]",0.8697800000000001,0.868244,0.8718400000000001,0.2566,0.4,0.0,0.4
erdos_renyi,8,2,4,QTL linear schedule to 0.60,0,20262429,"[3.0045084741480124, 0.6658867766369198, 2.9231716237466285, 4.046416608096568]",0.9139800000000001,0.915142,0.9226000000000001,0.49,0.6,0.0,0.6
erdos_renyi,8,2,4,QTL linear schedule to 0.60,1,20262430,"[5.1541213316333945, 3.721852295442659, 4.903726068591482, 1.2222919096378122]",0.8642199999999999,0.864888,0.8688600000000001,0.24359999999999998,0.6,0.0,0.6
erdos_renyi,8,2,4,QTL linear schedule to 0.60,2,20262431,"[0.7781164276219816, 3.2262615747046017, 1.0811483388068108, 2.98222281407082]",0.9093599999999998,0.9137139999999999,0.92056,0.49459999999999993,0.6,0.0,0.6
erdos_renyi,8,2,4,QTL linear schedule to 0.60,3,20262432,"[4.307602282343021, 3.034090238606556, 2.891329909804126, 1.6537892584670473]",0.87684,0.8749140000000001,0.8804400000000001,0.3164,0.6,0.0,0.6
erdos_renyi,8,2,4,QTL linear schedule to 0.60,4,20262433,"[1.697931517675189, 4.9740234499068094, 5.809501218322688, 4.3764810471886175]",0.8677399999999998,0.866922,0.8716799999999999,0.2586,0.6,0.0,0.6
erdos_renyi,8,2,4,QTL linear schedule to 0.80,0,20262429,"[3.0045084741480124, 0.6658867766369198, 2.9231716237466285, 4.046416608096568]",0.9109400000000001,0.9127259999999999,0.9220200000000001,0.5004000000000001,0.8,0.0,0.8
erdos_renyi,8,2,4,QTL linear schedule to 0.80,1,20262430,"[5.1541213316333945, 3.721852295442659, 4.903726068591482, 1.2222919096378122]",0.8610800000000001,0.862792,0.8690200000000001,0.2466,0.8,0.0,0.8
erdos_renyi,8,2,4,QTL linear schedule to 0.80,2,20262431,"[0.7781164276219816, 3.2262615747046017, 1.0811483388068108, 2.98222281407082]",0.9114799999999998,0.9120539999999998,0.9193800000000001,0.4994,0.8,0.0,0.8
erdos_renyi,8,2,4,QTL linear schedule to 0.80,3,20262432,"[4.307602282343021, 3.034090238606556, 2.891329909804126, 1.6537892584670473]",0.88106,0.8805480000000001,0.8844999999999998,0.33719999999999994,0.8,0.0,0.8
erdos_renyi,8,2,4,QTL linear schedule to 0.80,4,20262433,"[1.697931517675189, 4.9740234499068094, 5.809501218322688, 4.3764810471886175]",0.8664999999999999,0.8654299999999999,0.8717599999999999,0.26220000000000004,0.8,0.0,0.8
erdos_renyi,8,2,4,QTL linear schedule to 1.00,0,20262429,"[3.0045084741480124, 0.6658867766369198, 2.9231716237466285, 4.046416608096568]",0.90816,0.910374,0.9217400000000001,0.5018,1.0,0.0,1.0
erdos_renyi,8,2,4,QTL linear schedule to 1.00,1,20262430,"[5.1541213316333945, 3.721852295442659, 4.903726068591482, 1.2222919096378122]",0.85914,0.861082,0.8685600000000001,0.2516,1.0,0.0,1.0
erdos_renyi,8,2,4,QTL linear schedule to 1.00,2,20262431,"[0.7781164276219816, 3.2262615747046017, 1.0811483388068108, 2.98222281407082]",0.90822,0.9093440000000002,0.9183,0.5012000000000001,1.0,0.0,1.0
erdos_renyi,8,2,4,QTL linear schedule to 1.00,3,20262432,"[4.307602282343021, 3.034090238606556, 2.891329909804126, 1.6537892584670473]",0.88086,0.8803219999999999,0.8834800000000002,0.34840000000000004,1.0,0.0,1.0
erdos_renyi,8,2,4,QTL linear schedule to 1.00,4,20262433,"[1.697931517675189, 4.9740234499068094, 5.809501218322688, 4.3764810471886175]",0.86432,0.8639620000000001,0.87194,0.263,1.0,0.0,1.0
erdos_renyi,8,2,4,QTL linear schedule to 1.20,0,20262429,"[3.0045084741480124, 0.6658867766369198, 2.9231716237466285, 4.046416608096568]",0.9065200000000001,0.9081440000000001,0.9215800000000002,0.5096,1.2,0.0,1.2
erdos_renyi,8,2,4,QTL linear schedule to 1.20,1,20262430,"[5.1541213316333945, 3.721852295442659, 4.903726068591482, 1.2222919096378122]",0.85806,0.85989,0.8686,0.253,1.2,0.0,1.2
erdos_renyi,8,2,4,QTL linear schedule to 1.20,2,20262431,"[0.7781164276219816, 3.2262615747046017, 1.0811483388068108, 2.98222281407082]",0.90686,0.908186,0.9165600000000002,0.5099999999999999,1.2,0.0,1.2
erdos_renyi,8,2,4,QTL linear schedule to 1.20,3,20262432,"[4.307602282343021, 3.034090238606556, 2.891329909804126, 1.6537892584670473]",0.8798,0.8795819999999999,0.88262,0.356,1.2,0.0,1.2
erdos_renyi,8,2,4,QTL linear schedule to 1.20,4,20262433,"[1.697931517675189, 4.9740234499068094, 5.809501218322688, 4.3764810471886175]",0.8622200000000001,0.8623999999999998,0.87194,0.2662,1.2,0.0,1.2
erdos_renyi,8,2,4,QTL linear schedule to 1.40,0,20262429,"[3.0045084741480124, 0.6658867766369198, 2.9231716237466285, 4.046416608096568]",0.9041399999999999,0.9062979999999999,0.92126,0.511,1.4,0.0,1.4
erdos_renyi,8,2,4,QTL linear schedule to 1.40,1,20262430,"[5.1541213316333945, 3.721852295442659, 4.903726068591482, 1.2222919096378122]",0.85756,0.8585939999999999,0.86858,0.25639999999999996,1.4,0.0,1.4
erdos_renyi,8,2,4,QTL linear schedule to 1.40,2,20262431,"[0.7781164276219816, 3.2262615747046017, 1.0811483388068108, 2.98222281407082]",0.90404,0.9062520000000001,0.9203999999999999,0.5109999999999999,1.4,0.0,1.4
erdos_renyi,8,2,4,QTL linear schedule to 1.40,3,20262432,"[4.307602282343021, 3.034090238606556, 2.891329909804126, 1.6537892584670473]",0.87752,0.87813,0.88078,0.3602,1.4,0.0,1.4
erdos_renyi,8,2,4,QTL linear schedule to 1.40,4,20262433,"[1.697931517675189, 4.9740234499068094, 5.809501218322688, 4.3764810471886175]",0.8608600000000001,0.8611700000000001,0.87152,0.2694,1.4,0.0,1.4
erdos_renyi,8,2,4,QTL linear schedule to 1.60,0,20262429,"[3.0045084741480124, 0.6658867766369198, 2.9231716237466285, 4.046416608096568]",0.9023,0.9047839999999999,0.9211,0.514,1.6,0.0,1.6
erdos_renyi,8,2,4,QTL linear schedule to 1.60,1,20262430,"[5.1541213316333945, 3.721852295442659, 4.903726068591482, 1.2222919096378122]",0.8558600000000002,0.857492,0.86678,0.2566,1.6,0.0,1.6
erdos_renyi,8,2,4,QTL linear schedule to 1.60,2,20262431,"[0.7781164276219816, 3.2262615747046017, 1.0811483388068108, 2.98222281407082]",0.9023199999999999,0.9048080000000001,0.91662,0.514,1.6,0.0,1.6
erdos_renyi,8,2,4,QTL linear schedule to 1.60,3,20262432,"[4.307602282343021, 3.034090238606556, 2.891329909804126, 1.6537892584670473]",0.8767800000000001,0.876736,0.8796800000000001,0.365,1.6,0.0,1.6
erdos_renyi,8,2,4,QTL linear schedule to 1.60,4,20262433,"[1.697931517675189, 4.9740234499068094, 5.809501218322688, 4.3764810471886175]",0.8584999999999999,0.8600420000000002,0.87158,0.268,1.6,0.0,1.6
erdos_renyi,8,2,4,QTL linear schedule to 2.00,0,20262429,"[3.0045084741480124, 0.6658867766369198, 2.9231716237466285, 4.046416608096568]",0.90032,0.902004,0.92072,0.517,2.0,0.0,2.0
erdos_renyi,8,2,4,QTL linear schedule to 2.00,1,20262430,"[5.1541213316333945, 3.721852295442659, 4.903726068591482, 1.2222919096378122]",0.8527799999999999,0.855504,0.8656,0.2584,2.0,0.0,2.0
erdos_renyi,8,2,4,QTL linear schedule to 2.00,2,20262431,"[0.7781164276219816, 3.2262615747046017, 1.0811483388068108, 2.98222281407082]",0.9003,0.90205,0.91842,0.517,2.0,0.0,2.0
erdos_renyi,8,2,4,QTL linear schedule to 2.00,3,20262432,"[4.307602282343021, 3.034090238606556, 2.891329909804126, 1.6537892584670473]",0.87198,0.872914,0.8764600000000001,0.36160000000000003,2.0,0.0,2.0
erdos_renyi,8,2,4,QTL linear schedule to 2.00,4,20262433,"[1.697931517675189, 4.9740234499068094, 5.809501218322688, 4.3764810471886175]",0.8559599999999999,0.85742,0.8713599999999999,0.2752,2.0,0.0,2.0
erdos_renyi,8,2,4,QTL linear schedule to 2.50,0,20262429,"[3.0045084741480124, 0.6658867766369198, 2.9231716237466285, 4.046416608096568]",0.8975,0.8995640000000001,0.91928,0.5191999999999999,2.5,0.0,2.5
erdos_renyi,8,2,4,QTL linear schedule to 2.50,1,20262430,"[5.1541213316333945, 3.721852295442659, 4.903726068591482, 1.2222919096378122]",0.8526,0.8533540000000001,0.8639800000000001,0.259,2.5,0.0,2.5
erdos_renyi,8,2,4,QTL linear schedule to 2.50,2,20262431,"[0.7781164276219816, 3.2262615747046017, 1.0811483388068108, 2.98222281407082]",0.89746,0.8995620000000001,0.9156400000000001,0.5189999999999999,2.5,0.0,2.5
erdos_renyi,8,2,4,QTL linear schedule to 2.50,3,20262432,"[4.307602282343021, 3.034090238606556, 2.891329909804126, 1.6537892584670473]",0.8726799999999999,0.87027,0.87424,0.3646,2.5,0.0,2.5
erdos_renyi,8,2,4,QTL linear schedule to 2.50,4,20262433,"[1.697931517675189, 4.9740234499068094, 5.809501218322688, 4.3764810471886175]",0.8537000000000001,0.855832,0.87164,0.2752,2.5,0.0,2.5
erdos_renyi,8,2,4,QTL linear schedule to 3.00,0,20262429,"[3.0045084741480124, 0.6658867766369198, 2.9231716237466285, 4.046416608096568]",0.8958,0.898246,0.9188000000000001,0.5189999999999999,3.0,0.0,3.0
erdos_renyi,8,2,4,QTL linear schedule to 3.00,1,20262430,"[5.1541213316333945, 3.721852295442659, 4.903726068591482, 1.2222919096378122]",0.8504799999999999,0.85137,0.8579600000000001,0.258,3.0,0.0,3.0
erdos_renyi,8,2,4,QTL linear schedule to 3.00,2,20262431,"[0.7781164276219816, 3.2262615747046017, 1.0811483388068108, 2.98222281407082]",0.87192,0.8698520000000001,0.8752800000000001,0.37420000000000003,3.0,0.0,3.0
erdos_renyi,8,2,4,QTL linear schedule to 3.00,3,20262432,"[4.307602282343021, 3.034090238606556, 2.891329909804126, 1.6537892584670473]",0.86624,0.8639659999999999,0.8690200000000001,0.3418,3.0,0.0,3.0
erdos_renyi,8,2,4,QTL linear schedule to 3.00,4,20262433,"[1.697931517675189, 4.9740234499068094, 5.809501218322688, 4.3764810471886175]",0.85212,0.853546,0.8710800000000001,0.278,3.0,0.0,3.0
erdos_renyi,8,2,4,QTL linear schedule to 4.00,0,20262429,"[3.0045084741480124, 0.6658867766369198, 2.9231716237466285, 4.046416608096568]",0.89474,0.896514,0.91928,0.5184,4.0,0.0,4.0
erdos_renyi,8,2,4,QTL linear schedule to 4.00,1,20262430,"[5.1541213316333945, 3.721852295442659, 4.903726068591482, 1.2222919096378122]",0.68102,0.685532,0.7083600000000001,0.07479999999999999,4.0,0.0,4.0
erdos_renyi,8,2,4,QTL linear schedule to 4.00,2,20262431,"[0.7781164276219816, 3.2262615747046017, 1.0811483388068108, 2.98222281407082]",0.89466,0.896458,0.9113999999999999,0.5182,4.0,0.0,4.0
erdos_renyi,8,2,4,QTL linear schedule to 4.00,3,20262432,"[4.307602282343021, 3.034090238606556, 2.891329909804126, 1.6537892584670473]",0.8946200000000001,0.8965159999999999,0.9106,0.518,4.0,0.0,4.0
erdos_renyi,8,2,4,QTL linear schedule to 4.00,4,20262433,"[1.697931517675189, 4.9740234499068094, 5.809501218322688, 4.3764810471886175]",0.8500200000000001,0.8517480000000001,0.8701800000000001,0.2768,4.0,0.0,4.0
