graph_family,n,p,seed,gamma_plot,gamma_start,gamma_end,num_init_points,final_mean_ratio,tail_mean_ratio,peak_mean_ratio,final_optimal_mass
erdos_renyi,8,2,0,0.0,0.0,0.0,5,0.7631485714285715,0.7630748571428572,0.7676057142857143,0.20504000000000003
erdos_renyi,8,2,0,0.2,0.0,0.2,5,0.76344,0.7631697142857143,0.7673085714285715,0.20859999999999998
erdos_renyi,8,2,0,0.4,0.0,0.4,5,0.7624571428571428,0.7622011428571429,0.7674342857142857,0.21176
erdos_renyi,8,2,0,0.6,0.0,0.6,5,0.7622285714285715,0.76156,0.7667085714285714,0.21508000000000002
erdos_renyi,8,2,0,0.8,0.0,0.8,5,0.7619142857142858,0.7606737142857143,0.7667028571428571,0.21867999999999999
erdos_renyi,8,2,0,1.0,0.0,1.0,5,0.7610914285714286,0.7597988571428572,0.7662628571428571,0.22088000000000002
erdos_renyi,8,2,0,1.2,0.0,1.2,5,0.7620457142857142,0.7602137142857142,0.7670114285714286,0.2246
erdos_renyi,8,2,0,1.4,0.0,1.4,5,0.7633885714285714,0.7624091428571429,0.77016,0.22512
erdos_renyi,8,2,0,1.6,0.0,1.6,5,0.7641142857142857,0.7626388571428572,0.7700457142857143,0.22656
erdos_renyi,8,2,0,2.0,0.0,2.0,5,0.7636685714285715,0.7621925714285714,0.7700914285714286,0.2264
erdos_renyi,8,2,0,2.5,0.0,2.5,5,0.7625714285714287,0.7608142857142858,0.7689085714285715,0.2272
erdos_renyi,8,2,0,3.0,0.0,3.0,5,0.7612228571428572,0.759928,0.7683828571428573,0.22696
erdos_renyi,8,2,0,4.0,0.0,4.0,5,0.7590514285714287,0.7580794285714286,0.7671428571428571,0.22791999999999998
erdos_renyi,8,2,1,0.0,0.0,0.0,5,0.788536,0.7876915999999999,0.791308,0.06384
erdos_renyi,8,2,1,0.2,0.0,0.2,5,0.7865399999999999,0.78718,0.7910679999999999,0.06455999999999999
erdos_renyi,8,2,1,0.4,0.0,0.4,5,0.787312,0.7856783999999999,0.789672,0.06412
erdos_renyi,8,2,1,0.6,0.0,0.6,5,0.7815840000000001,0.782064,0.788608,0.06428
erdos_renyi,8,2,1,0.8,0.0,0.8,5,0.778772,0.778596,0.787836,0.06595999999999999
erdos_renyi,8,2,1,1.0,0.0,1.0,5,0.7772439999999999,0.7764064,0.78706,0.0676
erdos_renyi,8,2,1,1.2,0.0,1.2,5,0.7749,0.7743596000000001,0.786676,0.06831999999999999
erdos_renyi,8,2,1,1.4,0.0,1.4,5,0.771252,0.7725656000000001,0.786448,0.06932
erdos_renyi,8,2,1,1.6,0.0,1.6,5,0.769644,0.7708896,0.7853559999999999,0.07036
erdos_renyi,8,2,1,2.0,0.0,2.0,5,0.765772,0.7674872,0.784716,0.07228
erdos_renyi,8,2,1,2.5,0.0,2.5,5,0.7543,0.7575772,0.784752,0.08048000000000002
erdos_renyi,8,2,1,3.0,0.0,3.0,5,0.750872,0.7534296,0.7839,0.08904000000000001
erdos_renyi,8,2,1,4.0,0.0,4.0,5,0.765808,0.7603108000000001,0.787344,0.09548
erdos_renyi,8,2,2,0.0,0.0,0.0,5,0.67728,0.6767448,0.684276,0.18128000000000002
erdos_renyi,8,2,2,0.2,0.0,0.2,5,0.676616,0.6764735999999999,0.6836040000000001,0.18880000000000002
erdos_renyi,8,2,2,0.4,0.0,0.4,5,0.675384,0.6751752,0.682912,0.19372
erdos_renyi,8,2,2,0.6,0.0,0.6,5,0.6741440000000001,0.6737596,0.683028,0.19592
erdos_renyi,8,2,2,0.8,0.0,0.8,5,0.673308,0.6724748,0.683228,0.19728
erdos_renyi,8,2,2,1.0,0.0,1.0,5,0.6720280000000001,0.67166,0.682828,0.1982
erdos_renyi,8,2,2,1.2,0.0,1.2,5,0.671544,0.6707768,0.682876,0.19912000000000002
erdos_renyi,8,2,2,1.4,0.0,1.4,5,0.671424,0.6700192,0.6829759999999999,0.19996
erdos_renyi,8,2,2,1.6,0.0,1.6,5,0.6707080000000001,0.6694972,0.68304,0.20004
erdos_renyi,8,2,2,2.0,0.0,2.0,5,0.67034,0.6686604,0.6828160000000001,0.20059999999999997
erdos_renyi,8,2,2,2.5,0.0,2.5,5,0.669744,0.668108,0.682556,0.20072
erdos_renyi,8,2,2,3.0,0.0,3.0,5,0.669384,0.6678048,0.6818080000000001,0.2008
erdos_renyi,8,2,2,4.0,0.0,4.0,5,0.669452,0.6676356,0.681512,0.20088
erdos_renyi,8,2,3,0.0,0.0,0.0,5,0.7359111111111111,0.7348128888888888,0.73956,0.12516
erdos_renyi,8,2,3,0.2,0.0,0.2,5,0.7358755555555556,0.7341924444444444,0.7394888888888889,0.12840000000000001
erdos_renyi,8,2,3,0.4,0.0,0.4,5,0.7274533333333333,0.7262751111111111,0.7316888888888889,0.12736
erdos_renyi,8,2,3,0.6,0.0,0.6,5,0.7255244444444444,0.7240973333333333,0.7302799999999999,0.12796
erdos_renyi,8,2,3,0.8,0.0,0.8,5,0.7246266666666668,0.7222435555555555,0.7296622222222222,0.12927999999999998
erdos_renyi,8,2,3,1.0,0.0,1.0,5,0.7223200000000001,0.7203551111111112,0.7284488888888888,0.13047999999999998
erdos_renyi,8,2,3,1.2,0.0,1.2,5,0.72112,0.7186533333333334,0.7282444444444444,0.13136
erdos_renyi,8,2,3,1.4,0.0,1.4,5,0.7150444444444444,0.7160226666666667,0.7284977777777778,0.13340000000000002
erdos_renyi,8,2,3,1.6,0.0,1.6,5,0.71896,0.7113222222222222,0.7282177777777777,0.14184000000000002
erdos_renyi,8,2,3,2.0,0.0,2.0,5,0.7664044444444444,0.7636751111111112,0.7748222222222223,0.18148000000000003
erdos_renyi,8,2,3,2.5,0.0,2.5,5,0.765568888888889,0.7633382222222223,0.7757066666666667,0.18228000000000003
erdos_renyi,8,2,3,3.0,0.0,3.0,5,0.7651155555555555,0.7631151111111112,0.7744888888888889,0.18196
erdos_renyi,8,2,3,4.0,0.0,4.0,5,0.7647377777777777,0.7627302222222222,0.7741822222222222,0.18216000000000002
erdos_renyi,8,2,4,0.0,0.0,0.0,5,0.8324360000000001,0.8315163999999999,0.8359,0.22352
erdos_renyi,8,2,4,0.2,0.0,0.2,5,0.825776,0.825268,0.8298960000000001,0.23643999999999998
erdos_renyi,8,2,4,0.4,0.0,0.4,5,0.8192679999999999,0.8201312,0.829448,0.25188
erdos_renyi,8,2,4,0.6,0.0,0.6,5,0.8864279999999999,0.887116,0.8928280000000001,0.36063999999999996
erdos_renyi,8,2,4,0.8,0.0,0.8,5,0.8862119999999999,0.8867099999999999,0.893336,0.36916000000000004
erdos_renyi,8,2,4,1.0,0.0,1.0,5,0.88414,0.8850168,0.8928040000000002,0.37320000000000003
erdos_renyi,8,2,4,1.2,0.0,1.2,5,0.8826920000000001,0.8836404,0.89226,0.37896
erdos_renyi,8,2,4,1.4,0.0,1.4,5,0.8808239999999999,0.8820888,0.892508,0.3816
erdos_renyi,8,2,4,1.6,0.0,1.6,5,0.879152,0.8807724,0.8911519999999999,0.38351999999999997
erdos_renyi,8,2,4,2.0,0.0,2.0,5,0.8762679999999999,0.8779783999999999,0.890512,0.38584
erdos_renyi,8,2,4,2.5,0.0,2.5,5,0.874788,0.8757164000000002,0.888956,0.38739999999999997
erdos_renyi,8,2,4,3.0,0.0,3.0,5,0.8673120000000001,0.867396,0.8784280000000001,0.35419999999999996
erdos_renyi,8,2,4,4.0,0.0,4.0,5,0.8430120000000001,0.8453535999999999,0.863964,0.38123999999999997
