,graph_family,n,p,seed,gamma_plot,gamma_start,gamma_end,final_mean_ratio,tail_mean_ratio,peak_mean_ratio,final_optimal_mass
0,erdos_renyi,8,2,0,0.0,0.0,0.0,0.6158285714285714,0.6171385714285713,0.6229571428571428,0.023399999999999997
1,erdos_renyi,8,2,0,0.25,0.0,0.25,0.6163571428571429,0.6176885714285715,0.6216571428571429,0.0268
2,erdos_renyi,8,2,0,0.33,0.0,0.33,0.6169571428571429,0.61767,0.6210142857142856,0.028199999999999996
3,erdos_renyi,8,2,0,0.38,0.0,0.38,0.6168142857142858,0.6178057142857143,0.6215,0.029400000000000003
4,erdos_renyi,8,2,0,0.4,0.0,0.4,0.6169285714285714,0.61812,0.622042857142857,0.028900000000000002
5,erdos_renyi,8,2,0,0.5,0.0,0.5,0.6198857142857143,0.6203285714285715,0.6225428571428572,0.0303
6,erdos_renyi,8,2,0,0.56,0.0,0.56,0.6225857142857143,0.6223371428571428,0.6247999999999999,0.0353
7,erdos_renyi,8,2,0,0.6,0.0,0.6,0.6262428571428572,0.62411,0.6270571428571429,0.039299999999999995
8,erdos_renyi,8,2,0,0.64,0.0,0.64,0.6339142857142858,0.62829,0.6339142857142858,0.0457
9,erdos_renyi,8,2,0,0.7,0.0,0.7,0.6425714285714286,0.6337542857142856,0.6425714285714286,0.0538
10,erdos_renyi,8,2,0,0.74,0.0,0.74,0.6503,0.6398,0.6503,0.060000000000000005
11,erdos_renyi,8,2,0,0.8,0.0,0.8,0.6874857142857141,0.6655642857142856,0.6874857142857141,0.0998
12,erdos_renyi,8,2,0,0.85,0.0,0.85,0.7316142857142857,0.6946142857142857,0.7316142857142857,0.15710000000000002
13,erdos_renyi,8,2,0,0.9,0.0,0.9,0.7676000000000001,0.7262457142857143,0.7676000000000001,0.1988
14,erdos_renyi,8,2,0,1.0,0.0,1.0,0.8012142857142858,0.7863742857142857,0.8012142857142858,0.22179999999999997
15,erdos_renyi,8,2,0,1.1,0.0,1.1,0.8033571428571429,0.79656,0.8033571428571429,0.22220000000000004
16,erdos_renyi,8,2,0,1.2,0.0,1.2,0.8026285714285715,0.8021100000000001,0.8037,0.22249999999999998
17,erdos_renyi,8,2,0,1.25,0.0,1.25,0.8022857142857143,0.8027757142857143,0.8045142857142856,0.22279999999999997
18,erdos_renyi,8,2,0,1.28,0.0,1.28,0.8019714285714287,0.8025100000000001,0.8044142857142857,0.2232
19,erdos_renyi,8,2,0,1.3,0.0,1.3,0.8021428571428572,0.8025085714285716,0.8045142857142858,0.2231
20,erdos_renyi,8,2,0,1.4,0.0,1.4,0.8011428571428573,0.8017214285714287,0.8046714285714288,0.2228
21,erdos_renyi,8,2,0,1.5,0.0,1.5,0.8008142857142858,0.8012885714285714,0.8042857142857143,0.22319999999999998
22,erdos_renyi,8,2,0,2.0,0.0,2.0,0.7988571428571428,0.7979757142857143,0.8025,0.22669999999999998
23,erdos_renyi,8,2,0,3.0,0.0,3.0,0.7943,0.7940728571428572,0.7996714285714285,0.2255
24,erdos_renyi,8,2,0,4.0,0.0,4.0,0.7909428571428572,0.7910228571428571,0.7982571428571428,0.2283
25,erdos_renyi,8,2,0,5.0,0.0,5.0,0.7902571428571429,0.7904728571428572,0.7953714285714286,0.23139999999999997
26,erdos_renyi,8,2,0,6.0,0.0,6.0,0.7910142857142858,0.7908014285714285,0.7946285714285715,0.23879999999999998
27,erdos_renyi,8,2,0,7.0,0.0,7.0,0.7907714285714286,0.7904128571428571,0.7943,0.24080000000000001
28,erdos_renyi,8,2,0,8.0,0.0,8.0,0.7905714285714286,0.7895114285714286,0.7931857142857144,0.24100000000000002
29,erdos_renyi,8,2,0,10.0,0.0,10.0,0.7867285714285714,0.7855957142857144,0.7882428571428571,0.23750000000000002
30,erdos_renyi,8,2,0,12.0,0.0,12.0,0.7779,0.7775757142857143,0.7796857142857144,0.2309
31,erdos_renyi,8,2,0,14.0,0.0,14.0,0.7654428571428572,0.7648128571428573,0.767457142857143,0.2178
32,erdos_renyi,8,2,0,16.0,0.0,16.0,0.7498285714285714,0.748532857142857,0.7512714285714285,0.2019
33,erdos_renyi,8,2,0,18.0,0.0,18.0,0.7268857142857144,0.7243257142857142,0.7292428571428572,0.1741
34,erdos_renyi,8,2,0,24.0,0.0,24.0,0.6607428571428571,0.6584514285714286,0.6627714285714286,0.09910000000000001
35,erdos_renyi,8,2,0,32.0,0.0,32.0,0.6023000000000002,0.6020614285714287,0.6040857142857143,0.05050000000000001
36,erdos_renyi,8,2,0,45.0,0.0,45.0,0.5755857142857143,0.5754757142857143,0.5779285714285713,0.0285
37,erdos_renyi,8,2,0,55.0,0.0,55.0,0.5711857142857143,0.5720399999999999,0.5774857142857143,0.0235
38,erdos_renyi,8,2,0,64.0,0.0,64.0,0.571,0.5723014285714284,0.5768714285714286,0.0231
39,erdos_renyi,8,2,0,128.0,0.0,128.0,0.5745142857142856,0.5735571428571429,0.5792285714285715,0.022099999999999998
40,erdos_renyi,8,2,0,256.0,0.0,256.0,0.5586857142857143,0.5591671428571429,0.562657142857143,0.0148
41,erdos_renyi,8,2,0,512.0,0.0,512.0,0.48577142857142863,0.48731428571428576,0.4909428571428571,0.0063
42,erdos_renyi,8,2,0,1024.0,0.0,1024.0,0.4176,0.41664571428571434,0.4201142857142858,0.0031
43,erdos_renyi,8,2,1,0.0,0.0,0.0,0.8735299999999999,0.8740229999999999,0.87529,0.1116
44,erdos_renyi,8,2,1,0.25,0.0,0.25,0.8737100000000002,0.873604,0.8747200000000002,0.1169
45,erdos_renyi,8,2,1,0.33,0.0,0.33,0.8728299999999999,0.8731009999999999,0.8745799999999999,0.11810000000000001
46,erdos_renyi,8,2,1,0.38,0.0,0.38,0.87232,0.8725590000000001,0.8744299999999999,0.1185
47,erdos_renyi,8,2,1,0.4,0.0,0.4,0.87187,0.8723970000000001,0.8747399999999999,0.1188
48,erdos_renyi,8,2,1,0.5,0.0,0.5,0.87165,0.8719300000000001,0.87421,0.1198
49,erdos_renyi,8,2,1,0.56,0.0,0.56,0.8711400000000001,0.871749,0.87393,0.12029999999999999
50,erdos_renyi,8,2,1,0.6,0.0,0.6,0.87088,0.8713849999999999,0.87385,0.1213
51,erdos_renyi,8,2,1,0.64,0.0,0.64,0.87011,0.8711679999999999,0.8736,0.1222
52,erdos_renyi,8,2,1,0.7,0.0,0.7,0.8702200000000001,0.870759,0.87364,0.12279999999999999
53,erdos_renyi,8,2,1,0.74,0.0,0.74,0.86997,0.8704129999999999,0.8738699999999999,0.1231
54,erdos_renyi,8,2,1,0.8,0.0,0.8,0.8694700000000001,0.870133,0.87334,0.1236
55,erdos_renyi,8,2,1,0.85,0.0,0.85,0.86893,0.8698520000000001,0.8731100000000002,0.1241
56,erdos_renyi,8,2,1,0.9,0.0,0.9,0.8689399999999999,0.869585,0.8727500000000001,0.1245
57,erdos_renyi,8,2,1,1.0,0.0,1.0,0.8680999999999999,0.868991,0.8721599999999998,0.12530000000000002
58,erdos_renyi,8,2,1,1.1,0.0,1.1,0.8669499999999999,0.868273,0.87141,0.12569999999999998
59,erdos_renyi,8,2,1,1.2,0.0,1.2,0.8664999999999999,0.8676219999999999,0.8706299999999999,0.1265
60,erdos_renyi,8,2,1,1.25,0.0,1.25,0.86603,0.8672169999999999,0.87043,0.12669999999999998
61,erdos_renyi,8,2,1,1.28,0.0,1.28,0.8659700000000001,0.8669800000000001,0.87004,0.12669999999999998
62,erdos_renyi,8,2,1,1.3,0.0,1.3,0.8657199999999999,0.8668949999999999,0.8700800000000001,0.1268
63,erdos_renyi,8,2,1,1.4,0.0,1.4,0.8644999999999999,0.8660629999999999,0.8692500000000001,0.1272
64,erdos_renyi,8,2,1,1.5,0.0,1.5,0.86342,0.865289,0.8682500000000001,0.1279
65,erdos_renyi,8,2,1,2.0,0.0,2.0,0.85931,0.859972,0.86252,0.12990000000000002
66,erdos_renyi,8,2,1,3.0,0.0,3.0,0.8285899999999998,0.829228,0.8319799999999999,0.1117
67,erdos_renyi,8,2,1,4.0,0.0,4.0,0.74816,0.740253,0.7481800000000001,0.0369
68,erdos_renyi,8,2,1,5.0,0.0,5.0,0.7285799999999999,0.7258190000000001,0.729,0.033
69,erdos_renyi,8,2,1,6.0,0.0,6.0,0.7213200000000001,0.720349,0.72217,0.0314
70,erdos_renyi,8,2,1,7.0,0.0,7.0,0.7189,0.7190629999999999,0.72059,0.0312
71,erdos_renyi,8,2,1,8.0,0.0,8.0,0.7153099999999999,0.7153219999999999,0.7170399999999999,0.031
72,erdos_renyi,8,2,1,10.0,0.0,10.0,0.71036,0.710821,0.7121999999999999,0.0307
73,erdos_renyi,8,2,1,12.0,0.0,12.0,0.70601,0.7066399999999999,0.7086499999999999,0.0299
74,erdos_renyi,8,2,1,14.0,0.0,14.0,0.70325,0.7029259999999999,0.7050400000000001,0.0295
75,erdos_renyi,8,2,1,16.0,0.0,16.0,0.6999,0.6998049999999999,0.70183,0.0288
76,erdos_renyi,8,2,1,18.0,0.0,18.0,0.6976,0.6975830000000001,0.69955,0.0276
77,erdos_renyi,8,2,1,24.0,0.0,24.0,0.68969,0.689604,0.69188,0.0264
78,erdos_renyi,8,2,1,32.0,0.0,32.0,0.67827,0.6781530000000001,0.68017,0.0239
79,erdos_renyi,8,2,1,45.0,0.0,45.0,0.67074,0.671002,0.6738700000000001,0.02
80,erdos_renyi,8,2,1,55.0,0.0,55.0,0.66643,0.667055,0.6715899999999999,0.0175
81,erdos_renyi,8,2,1,64.0,0.0,64.0,0.66474,0.6650639999999999,0.6704800000000001,0.0162
82,erdos_renyi,8,2,1,128.0,0.0,128.0,0.66096,0.6617780000000001,0.66679,0.0143
83,erdos_renyi,8,2,1,256.0,0.0,256.0,0.66086,0.661332,0.6656599999999999,0.0134
84,erdos_renyi,8,2,1,512.0,0.0,512.0,0.66095,0.6611969999999999,0.66625,0.0132
85,erdos_renyi,8,2,1,1024.0,0.0,1024.0,0.6599999999999999,0.661049,0.66586,0.0139
86,erdos_renyi,8,2,2,0.0,0.0,0.0,0.81889,0.817577,0.82182,0.4098
87,erdos_renyi,8,2,2,0.25,0.0,0.25,0.81875,0.8166209999999999,0.8222799999999999,0.41800000000000004
88,erdos_renyi,8,2,2,0.33,0.0,0.33,0.8189599999999999,0.816503,0.82197,0.4199
89,erdos_renyi,8,2,2,0.38,0.0,0.38,0.81859,0.816291,0.82194,0.4204
90,erdos_renyi,8,2,2,0.4,0.0,0.4,0.81863,0.8161530000000001,0.8218799999999998,0.4206
91,erdos_renyi,8,2,2,0.5,0.0,0.5,0.81796,0.8157979999999998,0.8218500000000001,0.42210000000000003
92,erdos_renyi,8,2,2,0.56,0.0,0.56,0.8177799999999997,0.8154049999999999,0.82172,0.4229
93,erdos_renyi,8,2,2,0.6,0.0,0.6,0.8177399999999999,0.8152800000000001,0.8213799999999999,0.42310000000000003
94,erdos_renyi,8,2,2,0.64,0.0,0.64,0.81714,0.814996,0.8212200000000001,0.42369999999999997
95,erdos_renyi,8,2,2,0.7,0.0,0.7,0.8168400000000002,0.8147880000000001,0.82125,0.4238
96,erdos_renyi,8,2,2,0.74,0.0,0.74,0.8165600000000002,0.814569,0.82126,0.4244
97,erdos_renyi,8,2,2,0.8,0.0,0.8,0.8162900000000001,0.8144139999999999,0.82122,0.4249
98,erdos_renyi,8,2,2,0.85,0.0,0.85,0.8160000000000001,0.8141480000000001,0.8213699999999999,0.42569999999999997
99,erdos_renyi,8,2,2,0.9,0.0,0.9,0.8159399999999998,0.813877,0.8211000000000002,0.4263
100,erdos_renyi,8,2,2,1.0,0.0,1.0,0.8157900000000001,0.8132530000000001,0.8204,0.4266
101,erdos_renyi,8,2,2,1.1,0.0,1.1,0.8156299999999999,0.8128759999999999,0.8198599999999999,0.4266
102,erdos_renyi,8,2,2,1.2,0.0,1.2,0.81516,0.812589,0.81985,0.4265
103,erdos_renyi,8,2,2,1.25,0.0,1.25,0.8148600000000001,0.81243,0.81999,0.4264
104,erdos_renyi,8,2,2,1.28,0.0,1.28,0.81501,0.812327,0.8202300000000001,0.4266
105,erdos_renyi,8,2,2,1.3,0.0,1.3,0.81494,0.812275,0.8201499999999999,0.42669999999999997
106,erdos_renyi,8,2,2,1.4,0.0,1.4,0.8148200000000001,0.812081,0.8199,0.4274
107,erdos_renyi,8,2,2,1.5,0.0,1.5,0.8148099999999999,0.8119100000000001,0.81983,0.4276
108,erdos_renyi,8,2,2,2.0,0.0,2.0,0.8141399999999999,0.8111379999999999,0.8188700000000001,0.4284
109,erdos_renyi,8,2,2,3.0,0.0,3.0,0.8129900000000001,0.8101459999999999,0.8180799999999999,0.4279
110,erdos_renyi,8,2,2,4.0,0.0,4.0,0.81251,0.809732,0.8171200000000003,0.42769999999999997
111,erdos_renyi,8,2,2,5.0,0.0,5.0,0.8122499999999999,0.8095930000000001,0.8169799999999998,0.42779999999999996
112,erdos_renyi,8,2,2,6.0,0.0,6.0,0.81212,0.809507,0.8157999999999997,0.42769999999999997
113,erdos_renyi,8,2,2,7.0,0.0,7.0,0.8121199999999998,0.8094809999999999,0.81586,0.42769999999999997
114,erdos_renyi,8,2,2,8.0,0.0,8.0,0.81212,0.809456,0.81587,0.42769999999999997
115,erdos_renyi,8,2,2,10.0,0.0,10.0,0.8122499999999999,0.809467,0.8157099999999999,0.42779999999999996
116,erdos_renyi,8,2,2,12.0,0.0,12.0,0.8122300000000001,0.809518,0.81509,0.42789999999999995
117,erdos_renyi,8,2,2,14.0,0.0,14.0,0.8122,0.809642,0.8147500000000001,0.42789999999999995
118,erdos_renyi,8,2,2,16.0,0.0,16.0,0.8120799999999999,0.809689,0.8146000000000001,0.42779999999999996
119,erdos_renyi,8,2,2,18.0,0.0,18.0,0.8121,0.8098179999999999,0.8146699999999999,0.42769999999999997
120,erdos_renyi,8,2,2,24.0,0.0,24.0,0.8127700000000001,0.810043,0.8145599999999998,0.4275
121,erdos_renyi,8,2,2,32.0,0.0,32.0,0.8129899999999999,0.8098449999999999,0.8139199999999999,0.4275
122,erdos_renyi,8,2,2,45.0,0.0,45.0,0.81257,0.8097720000000003,0.8152200000000001,0.427
123,erdos_renyi,8,2,2,55.0,0.0,55.0,0.81358,0.8101579999999998,0.81654,0.4276
124,erdos_renyi,8,2,2,64.0,0.0,64.0,0.8137599999999999,0.8106679999999999,0.8174700000000001,0.4273
125,erdos_renyi,8,2,2,128.0,0.0,128.0,0.8068500000000001,0.8054,0.80948,0.414
126,erdos_renyi,8,2,2,256.0,0.0,256.0,0.77178,0.771606,0.7762800000000001,0.36419999999999997
127,erdos_renyi,8,2,2,512.0,0.0,512.0,0.70087,0.701843,0.7071299999999999,0.265
128,erdos_renyi,8,2,2,1024.0,0.0,1024.0,0.64725,0.649088,0.65456,0.1849
129,erdos_renyi,8,2,3,0.0,0.0,0.0,0.5782555555555555,0.5790688888888889,0.5841999999999999,0.0091
130,erdos_renyi,8,2,3,0.25,0.0,0.25,0.5775222222222223,0.5784788888888889,0.5840666666666666,0.0089
131,erdos_renyi,8,2,3,0.33,0.0,0.33,0.5770333333333333,0.5781577777777779,0.5838777777777778,0.0091
132,erdos_renyi,8,2,3,0.38,0.0,0.38,0.5768,0.577808888888889,0.5831444444444445,0.0089
133,erdos_renyi,8,2,3,0.4,0.0,0.4,0.5775888888888888,0.5778877777777778,0.5833222222222223,0.0088
134,erdos_renyi,8,2,3,0.5,0.0,0.5,0.5769555555555557,0.5775188888888888,0.5834,0.0086
135,erdos_renyi,8,2,3,0.56,0.0,0.56,0.5761111111111111,0.57733,0.5832222222222223,0.0089
136,erdos_renyi,8,2,3,0.6,0.0,0.6,0.5761777777777778,0.5771544444444445,0.5828111111111112,0.0091
137,erdos_renyi,8,2,3,0.64,0.0,0.64,0.575911111111111,0.5770655555555556,0.5835444444444444,0.009000000000000001
138,erdos_renyi,8,2,3,0.7,0.0,0.7,0.5764222222222222,0.5768411111111111,0.5833111111111111,0.0091
139,erdos_renyi,8,2,3,0.74,0.0,0.74,0.5760000000000001,0.5767366666666668,0.5834333333333334,0.009000000000000001
140,erdos_renyi,8,2,3,0.8,0.0,0.8,0.5760666666666666,0.576358888888889,0.5835444444444444,0.0085
141,erdos_renyi,8,2,3,0.85,0.0,0.85,0.5757222222222222,0.5762322222222223,0.5827111111111112,0.0086
142,erdos_renyi,8,2,3,0.9,0.0,0.9,0.5761333333333334,0.5759766666666666,0.5828555555555556,0.0091
143,erdos_renyi,8,2,3,1.0,0.0,1.0,0.5758444444444444,0.5758088888888888,0.5828111111111112,0.008199999999999999
144,erdos_renyi,8,2,3,1.1,0.0,1.1,0.5752666666666667,0.5757377777777778,0.5828777777777778,0.0077
145,erdos_renyi,8,2,3,1.2,0.0,1.2,0.5754111111111111,0.5755866666666667,0.5826444444444445,0.0078
146,erdos_renyi,8,2,3,1.25,0.0,1.25,0.5762,0.5756766666666666,0.5828111111111112,0.0081
147,erdos_renyi,8,2,3,1.28,0.0,1.28,0.5753111111111111,0.57521,0.5825666666666667,0.008
148,erdos_renyi,8,2,3,1.3,0.0,1.3,0.5753111111111111,0.5751455555555556,0.5828777777777777,0.008
149,erdos_renyi,8,2,3,1.4,0.0,1.4,0.5747333333333332,0.5750455555555555,0.5827222222222223,0.0075
150,erdos_renyi,8,2,3,1.5,0.0,1.5,0.5744555555555555,0.5746899999999999,0.5827000000000001,0.007
151,erdos_renyi,8,2,3,2.0,0.0,2.0,0.5719888888888889,0.5729566666666666,0.5823777777777778,0.0069
152,erdos_renyi,8,2,3,3.0,0.0,3.0,0.5711555555555555,0.5721322222222223,0.5813888888888888,0.007299999999999999
153,erdos_renyi,8,2,3,4.0,0.0,4.0,0.5680222222222223,0.5693588888888887,0.5809333333333334,0.0071
154,erdos_renyi,8,2,3,5.0,0.0,5.0,0.5647444444444445,0.5674133333333333,0.58,0.0075
155,erdos_renyi,8,2,3,6.0,0.0,6.0,0.5641333333333333,0.5670366666666666,0.5797888888888889,0.0076
156,erdos_renyi,8,2,3,7.0,0.0,7.0,0.5635888888888889,0.5666800000000001,0.5800666666666667,0.0077
157,erdos_renyi,8,2,3,8.0,0.0,8.0,0.5626888888888889,0.5661777777777778,0.5794111111111112,0.0075
158,erdos_renyi,8,2,3,10.0,0.0,10.0,0.5632777777777778,0.5664399999999999,0.5790222222222222,0.0077
159,erdos_renyi,8,2,3,12.0,0.0,12.0,0.5642555555555556,0.5666999999999999,0.5787888888888889,0.0078
160,erdos_renyi,8,2,3,14.0,0.0,14.0,0.5618555555555556,0.5660344444444445,0.5786777777777777,0.0073
161,erdos_renyi,8,2,3,16.0,0.0,16.0,0.5619444444444444,0.5659533333333332,0.5791888888888889,0.0075
162,erdos_renyi,8,2,3,18.0,0.0,18.0,0.5628555555555556,0.5660533333333333,0.5786666666666667,0.0077
163,erdos_renyi,8,2,3,24.0,0.0,24.0,0.5628111111111112,0.5661288888888889,0.5785555555555555,0.0077
164,erdos_renyi,8,2,3,32.0,0.0,32.0,0.5688222222222223,0.5701033333333333,0.5787888888888888,0.0069
165,erdos_renyi,8,2,3,45.0,0.0,45.0,0.5755111111111112,0.5763255555555555,0.5821333333333334,0.0091
166,erdos_renyi,8,2,3,55.0,0.0,55.0,0.5767333333333333,0.5785222222222222,0.5825888888888888,0.0092
167,erdos_renyi,8,2,3,64.0,0.0,64.0,0.5756111111111111,0.5769855555555555,0.5826555555555556,0.010100000000000001
168,erdos_renyi,8,2,3,128.0,0.0,128.0,0.5744888888888888,0.5750400000000001,0.5799666666666667,0.0098
169,erdos_renyi,8,2,3,256.0,0.0,256.0,0.5757111111111111,0.5757166666666667,0.5799333333333334,0.010599999999999998
170,erdos_renyi,8,2,3,512.0,0.0,512.0,0.5783,0.5774477777777779,0.5817444444444445,0.0098
171,erdos_renyi,8,2,3,1024.0,0.0,1024.0,0.5772555555555555,0.5776800000000001,0.5818888888888889,0.0091
172,erdos_renyi,8,2,4,0.0,0.0,0.0,0.7647499999999999,0.76219,0.7647499999999999,0.1542
173,erdos_renyi,8,2,4,0.25,0.0,0.25,0.76,0.759438,0.76097,0.15760000000000002
174,erdos_renyi,8,2,4,0.33,0.0,0.33,0.75944,0.758601,0.76056,0.1577
175,erdos_renyi,8,2,4,0.38,0.0,0.38,0.75822,0.758161,0.76006,0.1576
176,erdos_renyi,8,2,4,0.4,0.0,0.4,0.7581300000000001,0.75793,0.75973,0.15789999999999996
177,erdos_renyi,8,2,4,0.5,0.0,0.5,0.7563000000000001,0.7548380000000001,0.7567600000000001,0.156
178,erdos_renyi,8,2,4,0.56,0.0,0.56,0.75171,0.7500169999999999,0.75171,0.1532
179,erdos_renyi,8,2,4,0.6,0.0,0.6,0.75283,0.75116,0.75298,0.1537
180,erdos_renyi,8,2,4,0.64,0.0,0.64,0.7490500000000001,0.74705,0.74929,0.1541
181,erdos_renyi,8,2,4,0.7,0.0,0.7,0.74081,0.7402989999999999,0.74342,0.15390000000000004
182,erdos_renyi,8,2,4,0.74,0.0,0.74,0.73244,0.7317370000000001,0.74129,0.1496
183,erdos_renyi,8,2,4,0.8,0.0,0.8,0.7216799999999999,0.725495,0.74093,0.14909999999999998
184,erdos_renyi,8,2,4,0.85,0.0,0.85,0.7181599999999999,0.721055,0.7402900000000001,0.1683
185,erdos_renyi,8,2,4,0.9,0.0,0.9,0.75853,0.7301710000000001,0.75853,0.2651
186,erdos_renyi,8,2,4,1.0,0.0,1.0,0.8871600000000001,0.8294369999999999,0.8871600000000001,0.42369999999999997
187,erdos_renyi,8,2,4,1.1,0.0,1.1,0.8994199999999999,0.8865129999999999,0.8994199999999999,0.4164999999999999
188,erdos_renyi,8,2,4,1.2,0.0,1.2,0.8963800000000001,0.896824,0.89936,0.4214
189,erdos_renyi,8,2,4,1.25,0.0,1.25,0.8959299999999999,0.89663,0.90015,0.4234
190,erdos_renyi,8,2,4,1.28,0.0,1.28,0.89577,0.8963430000000001,0.90022,0.4230999999999999
191,erdos_renyi,8,2,4,1.3,0.0,1.3,0.89467,0.8960670000000001,0.9004000000000001,0.423
192,erdos_renyi,8,2,4,1.4,0.0,1.4,0.89277,0.8937630000000001,0.8977599999999999,0.42380000000000007
193,erdos_renyi,8,2,4,1.5,0.0,1.5,0.89162,0.8922230000000001,0.8985200000000001,0.42639999999999995
194,erdos_renyi,8,2,4,2.0,0.0,2.0,0.8878600000000001,0.88741,0.8985,0.43069999999999997
195,erdos_renyi,8,2,4,3.0,0.0,3.0,0.8846400000000001,0.882555,0.89383,0.43189999999999995
196,erdos_renyi,8,2,4,4.0,0.0,4.0,0.8825500000000002,0.88039,0.89036,0.4314
197,erdos_renyi,8,2,4,5.0,0.0,5.0,0.8820699999999999,0.879566,0.88889,0.43170000000000003
198,erdos_renyi,8,2,4,6.0,0.0,6.0,0.88127,0.879215,0.88704,0.4314
199,erdos_renyi,8,2,4,7.0,0.0,7.0,0.8805,0.878918,0.8843499999999999,0.4314
200,erdos_renyi,8,2,4,8.0,0.0,8.0,0.8804400000000001,0.8785440000000001,0.88182,0.43110000000000004
201,erdos_renyi,8,2,4,10.0,0.0,10.0,0.87941,0.8777550000000002,0.88019,0.43189999999999995
202,erdos_renyi,8,2,4,12.0,0.0,12.0,0.8789300000000001,0.8763770000000001,0.87927,0.43220000000000003
203,erdos_renyi,8,2,4,14.0,0.0,14.0,0.87639,0.874436,0.8765599999999999,0.4287
204,erdos_renyi,8,2,4,16.0,0.0,16.0,0.8742899999999999,0.8716439999999999,0.8742899999999999,0.4277
205,erdos_renyi,8,2,4,18.0,0.0,18.0,0.8698,0.867254,0.8698,0.42310000000000003
206,erdos_renyi,8,2,4,24.0,0.0,24.0,0.84892,0.8477629999999999,0.8496500000000001,0.4058
207,erdos_renyi,8,2,4,32.0,0.0,32.0,0.80016,0.800592,0.80299,0.3445
208,erdos_renyi,8,2,4,45.0,0.0,45.0,0.7382099999999999,0.739582,0.7432400000000001,0.23640000000000003
209,erdos_renyi,8,2,4,55.0,0.0,55.0,0.7216400000000001,0.7218319999999999,0.72976,0.1873
210,erdos_renyi,8,2,4,64.0,0.0,64.0,0.7172700000000001,0.7182189999999999,0.73025,0.1634
211,erdos_renyi,8,2,4,128.0,0.0,128.0,0.7203999999999999,0.7217610000000001,0.7304299999999999,0.1326
212,erdos_renyi,8,2,4,256.0,0.0,256.0,0.72434,0.7264700000000001,0.73285,0.12359999999999999
213,erdos_renyi,8,2,4,512.0,0.0,512.0,0.7284200000000001,0.7327849999999999,0.73627,0.11520000000000001
214,erdos_renyi,8,2,4,1024.0,0.0,1024.0,0.7247600000000001,0.727932,0.7317600000000001,0.0802
