task_id,method,control_index,control_r,alpha,one_minus_alpha,gamma,graph_family,n,p,graph_seed,init_id,init_seed,device_seed,iteration,objective_loss,mean_ratio,best_ratio_step,best_ratio_so_far,optimal_mass,learning_rate,gradient_norm
CVaR|r=-0|erdos_renyi|g=0|init=0,CVaR,0,-0.0,1.0,0.0,-0.0,erdos_renyi,8,2,0,0,20262429,910000,1,2.2800000000000002,0.6742857142857144,1.0,1.0,0.1,0.09109366826489276,2.5000000000000004
CVaR|r=-0|erdos_renyi|g=0|init=0,CVaR,0,-0.0,1.0,0.0,-0.0,erdos_renyi,8,2,0,0,20262429,910000,2,2.0,0.7142857142857143,1.0,1.0,0.12000000000000001,0.08693426960323611,2.5
QTL|r=-0|erdos_renyi|g=0|init=0,QTL,0,-0.0,1.0,0.0,-0.0,erdos_renyi,8,2,0,0,20262429,910000,1,2.2800000000000002,0.6742857142857144,1.0,1.0,0.1,0.09109366826489276,2.5000000000000004
QTL|r=-0|erdos_renyi|g=0|init=0,QTL,0,-0.0,1.0,0.0,-0.0,erdos_renyi,8,2,0,0,20262429,910000,2,2.0,0.7142857142857143,1.0,1.0,0.12000000000000001,0.08693426960323611,2.5
CVaR|r=0.301029995664|erdos_renyi|g=0|init=0,CVaR,1,0.30102999566398114,0.5,0.5,1.2041199826559246,erdos_renyi,8,2,0,0,20262429,910100,1,1.0599999999999992,0.67,1.0,1.0,0.13,0.09109366826489276,2.5000000000000004
CVaR|r=0.301029995664|erdos_renyi|g=0|init=0,CVaR,1,0.30102999566398114,0.5,0.5,1.2041199826559246,erdos_renyi,8,2,0,0,20262429,910100,2,0.7199999999999999,0.7485714285714286,1.0,1.0,0.14,0.08693426960323611,2.4999999999999996
QTL|r=0.301029995664|erdos_renyi|g=0|init=0,QTL,1,0.30102999566398114,0.5,0.5,1.2041199826559246,erdos_renyi,8,2,0,0,20262429,910100,1,1.2042248650001175,0.6828571428571429,1.0,1.0,0.13,0.09109366826489276,2.5000000000000004
QTL|r=0.301029995664|erdos_renyi|g=0|init=0,QTL,1,0.30102999566398114,0.5,0.5,1.2041199826559246,erdos_renyi,8,2,0,0,20262429,910100,2,1.0385469542125714,0.7442857142857141,1.0,1.0,0.15000000000000002,0.08693426960323611,2.4999999999999996
CVaR|r=0.698970004336|erdos_renyi|g=0|init=0,CVaR,2,0.6989700043360187,0.2,0.8,2.795880017344075,erdos_renyi,8,2,0,0,20262429,910200,1,0.5,0.6228571428571428,1.0,1.0,0.09999999999999999,0.09109366826489276,2.5
CVaR|r=0.698970004336|erdos_renyi|g=0|init=0,CVaR,2,0.6989700043360187,0.2,0.8,2.795880017344075,erdos_renyi,8,2,0,0,20262429,910200,2,0.40000000000000013,0.7257142857142858,1.0,1.0,0.12,0.08693426960323611,2.5
QTL|r=0.698970004336|erdos_renyi|g=0|init=0,QTL,2,0.6989700043360187,0.2,0.8,2.795880017344075,erdos_renyi,8,2,0,0,20262429,910200,1,0.7839282095943781,0.6142857142857144,1.0,1.0,0.09999999999999999,0.09109366826489276,1.7332119966133508
QTL|r=0.698970004336|erdos_renyi|g=0|init=0,QTL,2,0.6989700043360187,0.2,0.8,2.795880017344075,erdos_renyi,8,2,0,0,20262429,910200,2,0.658657726646286,0.7157142857142856,1.0,1.0,0.14,0.08693426960323611,1.5938408465955731
CVaR|r=1|erdos_renyi|g=0|init=0,CVaR,3,0.9999999999999998,0.1,0.9,3.999999999999999,erdos_renyi,8,2,0,0,20262429,910300,1,0.20000000000000012,0.6271428571428572,1.0,1.0,0.08,0.09109366826489276,2.5
CVaR|r=1|erdos_renyi|g=0|init=0,CVaR,3,0.9999999999999998,0.1,0.9,3.999999999999999,erdos_renyi,8,2,0,0,20262429,910300,2,0.0,0.7214285714285715,1.0,1.0,0.16999999999999998,0.08693426960323611,2.5
QTL|r=1|erdos_renyi|g=0|init=0,QTL,3,0.9999999999999998,0.1,0.9,3.999999999999999,erdos_renyi,8,2,0,0,20262429,910300,1,0.6524419863900259,0.6128571428571428,1.0,1.0,0.07,0.09109366826489276,1.7679365979831885
QTL|r=1|erdos_renyi|g=0|init=0,QTL,3,0.9999999999999998,0.1,0.9,3.999999999999999,erdos_renyi,8,2,0,0,20262429,910300,2,0.4349304428746598,0.7214285714285715,1.0,1.0,0.17,0.08693426960323611,1.9616913969446896
CVaR|r=-0|erdos_renyi|g=1|init=0,CVaR,0,-0.0,1.0,0.0,-0.0,erdos_renyi,8,2,1,0,20262429,920000,1,3.79,0.6210000000000001,1.0,1.0,0.01,0.09109366826489276,2.091148010065284
CVaR|r=-0|erdos_renyi|g=1|init=0,CVaR,0,-0.0,1.0,0.0,-0.0,erdos_renyi,8,2,1,0,20262429,920000,2,3.3200000000000003,0.6679999999999999,1.0,1.0,0.01,0.08693426960323611,2.5
QTL|r=-0|erdos_renyi|g=1|init=0,QTL,0,-0.0,1.0,0.0,-0.0,erdos_renyi,8,2,1,0,20262429,920000,1,3.79,0.6210000000000001,1.0,1.0,0.01,0.09109366826489276,2.091148010065284
QTL|r=-0|erdos_renyi|g=1|init=0,QTL,0,-0.0,1.0,0.0,-0.0,erdos_renyi,8,2,1,0,20262429,920000,2,3.3200000000000003,0.6679999999999999,1.0,1.0,0.01,0.08693426960323611,2.5
CVaR|r=0.301029995664|erdos_renyi|g=1|init=0,CVaR,1,0.30102999566398114,0.5,0.5,1.2041199826559246,erdos_renyi,8,2,1,0,20262429,920100,1,1.9199999999999997,0.651,1.0,1.0,0.02,0.09109366826489276,2.5000000000000004
CVaR|r=0.301029995664|erdos_renyi|g=1|init=0,CVaR,1,0.30102999566398114,0.5,0.5,1.2041199826559246,erdos_renyi,8,2,1,0,20262429,920100,2,1.9599999999999986,0.6530000000000001,1.0,1.0,0.02,0.08693426960323611,2.5
QTL|r=0.301029995664|erdos_renyi|g=1|init=0,QTL,1,0.30102999566398114,0.5,0.5,1.2041199826559246,erdos_renyi,8,2,1,0,20262429,920100,1,1.9415096718800613,0.666,1.0,1.0,0.03,0.09109366826489276,1.7382823678840684
QTL|r=0.301029995664|erdos_renyi|g=1|init=0,QTL,1,0.30102999566398114,0.5,0.5,1.2041199826559246,erdos_renyi,8,2,1,0,20262429,920100,2,1.694074016489043,0.6540000000000001,1.0,1.0,0.07,0.08693426960323611,0.9753063294057484
CVaR|r=0.698970004336|erdos_renyi|g=1|init=0,CVaR,2,0.6989700043360187,0.2,0.8,2.795880017344075,erdos_renyi,8,2,1,0,20262429,920200,1,1.35,0.627,1.0,1.0,0.02,0.09109366826489276,2.5
CVaR|r=0.698970004336|erdos_renyi|g=1|init=0,CVaR,2,0.6989700043360187,0.2,0.8,2.795880017344075,erdos_renyi,8,2,1,0,20262429,920200,2,0.7500000000000001,0.655,1.0,1.0,0.05,0.08693426960323611,2.5
QTL|r=0.698970004336|erdos_renyi|g=1|init=0,QTL,2,0.6989700043360187,0.2,0.8,2.795880017344075,erdos_renyi,8,2,1,0,20262429,920200,1,1.4750483939388552,0.633,1.0,1.0,0.01,0.09109366826489276,0.767049662846511
QTL|r=0.698970004336|erdos_renyi|g=1|init=0,QTL,2,0.6989700043360187,0.2,0.8,2.795880017344075,erdos_renyi,8,2,1,0,20262429,920200,2,1.277906507805357,0.632,1.0,1.0,0.02,0.08693426960323611,0.7423100543487622
CVaR|r=1|erdos_renyi|g=1|init=0,CVaR,3,0.9999999999999998,0.1,0.9,3.999999999999999,erdos_renyi,8,2,1,0,20262429,920300,1,0.8000000000000002,0.629,1.0,1.0,0.02,0.09109366826489276,2.5
CVaR|r=1|erdos_renyi|g=1|init=0,CVaR,3,0.9999999999999998,0.1,0.9,3.999999999999999,erdos_renyi,8,2,1,0,20262429,920300,2,0.9000000000000006,0.6050000000000001,1.0,1.0,0.02,0.08693426960323611,2.5
QTL|r=1|erdos_renyi|g=1|init=0,QTL,3,0.9999999999999998,0.1,0.9,3.999999999999999,erdos_renyi,8,2,1,0,20262429,920300,1,0.8642015559170039,0.6439999999999999,1.0,1.0,0.03,0.09109366826489276,2.2356686125847984
QTL|r=1|erdos_renyi|g=1|init=0,QTL,3,0.9999999999999998,0.1,0.9,3.999999999999999,erdos_renyi,8,2,1,0,20262429,920300,2,1.5439338264604683,0.607,0.9,1.0,0.0,0.08693426960323611,2.5
CVaR|r=-0|erdos_renyi|g=2|init=0,CVaR,0,-0.0,1.0,0.0,-0.0,erdos_renyi,8,2,2,0,20262429,930000,1,4.6,0.54,1.0,1.0,0.04,0.09109366826489276,2.5000000000000004
CVaR|r=-0|erdos_renyi|g=2|init=0,CVaR,0,-0.0,1.0,0.0,-0.0,erdos_renyi,8,2,2,0,20262429,930000,2,3.96,0.604,1.0,1.0,0.08,0.08693426960323611,2.5
QTL|r=-0|erdos_renyi|g=2|init=0,QTL,0,-0.0,1.0,0.0,-0.0,erdos_renyi,8,2,2,0,20262429,930000,1,4.6,0.54,1.0,1.0,0.04,0.09109366826489276,2.5000000000000004
QTL|r=-0|erdos_renyi|g=2|init=0,QTL,0,-0.0,1.0,0.0,-0.0,erdos_renyi,8,2,2,0,20262429,930000,2,3.96,0.604,1.0,1.0,0.08,0.08693426960323611,2.5
CVaR|r=0.301029995664|erdos_renyi|g=2|init=0,CVaR,1,0.30102999566398114,0.5,0.5,1.2041199826559246,erdos_renyi,8,2,2,0,20262429,930100,1,2.639999999999999,0.571,1.0,1.0,0.08,0.09109366826489276,2.5000000000000004
CVaR|r=0.301029995664|erdos_renyi|g=2|init=0,CVaR,1,0.30102999566398114,0.5,0.5,1.2041199826559246,erdos_renyi,8,2,2,0,20262429,930100,2,1.9799999999999982,0.6119999999999999,1.0,1.0,0.15000000000000002,0.08693426960323611,2.5
QTL|r=0.301029995664|erdos_renyi|g=2|init=0,QTL,1,0.30102999566398114,0.5,0.5,1.2041199826559246,erdos_renyi,8,2,2,0,20262429,930100,1,2.2476131422038907,0.5569999999999999,1.0,1.0,0.04,0.09109366826489276,2.5
QTL|r=0.301029995664|erdos_renyi|g=2|init=0,QTL,1,0.30102999566398114,0.5,0.5,1.2041199826559246,erdos_renyi,8,2,2,0,20262429,930100,2,1.551301285026949,0.595,1.0,1.0,0.13,0.08693426960323611,2.5
CVaR|r=0.698970004336|erdos_renyi|g=2|init=0,CVaR,2,0.6989700043360187,0.2,0.8,2.795880017344075,erdos_renyi,8,2,2,0,20262429,930200,1,1.2,0.5630000000000001,1.0,1.0,0.06,0.09109366826489276,2.5
CVaR|r=0.698970004336|erdos_renyi|g=2|init=0,CVaR,2,0.6989700043360187,0.2,0.8,2.795880017344075,erdos_renyi,8,2,2,0,20262429,930200,2,1.6999999999999995,0.562,1.0,1.0,0.05,0.08693426960323611,2.5
QTL|r=0.698970004336|erdos_renyi|g=2|init=0,QTL,2,0.6989700043360187,0.2,0.8,2.795880017344075,erdos_renyi,8,2,2,0,20262429,930200,1,1.0645839149671987,0.544,1.0,1.0,0.05,0.09109366826489276,2.1173098072474277
QTL|r=0.698970004336|erdos_renyi|g=2|init=0,QTL,2,0.6989700043360187,0.2,0.8,2.795880017344075,erdos_renyi,8,2,2,0,20262429,930200,2,1.0648407718000958,0.5479999999999999,1.0,1.0,0.05,0.08693426960323611,2.5
CVaR|r=1|erdos_renyi|g=2|init=0,CVaR,3,0.9999999999999998,0.1,0.9,3.999999999999999,erdos_renyi,8,2,2,0,20262429,930300,1,1.0999999999999999,0.551,1.0,1.0,0.04,0.09109366826489276,2.5
CVaR|r=1|erdos_renyi|g=2|init=0,CVaR,3,0.9999999999999998,0.1,0.9,3.999999999999999,erdos_renyi,8,2,2,0,20262429,930300,2,0.0,0.618,1.0,1.0,0.12000000000000001,0.08693426960323611,2.5000000000000004
QTL|r=1|erdos_renyi|g=2|init=0,QTL,3,0.9999999999999998,0.1,0.9,3.999999999999999,erdos_renyi,8,2,2,0,20262429,930300,1,0.7478982120343408,0.55,1.0,1.0,0.05,0.09109366826489276,2.210193376078077
QTL|r=1|erdos_renyi|g=2|init=0,QTL,3,0.9999999999999998,0.1,0.9,3.999999999999999,erdos_renyi,8,2,2,0,20262429,930300,2,0.5292457123839479,0.591,1.0,1.0,0.12000000000000001,0.08693426960323611,1.9059231598303414
CVaR|r=-0|erdos_renyi|g=3|init=0,CVaR,0,-0.0,1.0,0.0,-0.0,erdos_renyi,8,2,3,0,20262429,940000,1,3.71,0.5877777777777777,0.8888888888888888,0.8888888888888888,0.0,0.09109366826489276,2.5
CVaR|r=-0|erdos_renyi|g=3|init=0,CVaR,0,-0.0,1.0,0.0,-0.0,erdos_renyi,8,2,3,0,20262429,940000,2,3.44,0.6177777777777778,1.0,1.0,0.04,0.08693426960323611,2.5
QTL|r=-0|erdos_renyi|g=3|init=0,QTL,0,-0.0,1.0,0.0,-0.0,erdos_renyi,8,2,3,0,20262429,940000,1,3.71,0.5877777777777777,0.8888888888888888,0.8888888888888888,0.0,0.09109366826489276,2.5
QTL|r=-0|erdos_renyi|g=3|init=0,QTL,0,-0.0,1.0,0.0,-0.0,erdos_renyi,8,2,3,0,20262429,940000,2,3.44,0.6177777777777778,1.0,1.0,0.04,0.08693426960323611,2.5
CVaR|r=0.301029995664|erdos_renyi|g=3|init=0,CVaR,1,0.30102999566398114,0.5,0.5,1.2041199826559246,erdos_renyi,8,2,3,0,20262429,940100,1,2.359999999999998,0.5944444444444444,1.0,1.0,0.03,0.09109366826489276,2.5
CVaR|r=0.301029995664|erdos_renyi|g=3|init=0,CVaR,1,0.30102999566398114,0.5,0.5,1.2041199826559246,erdos_renyi,8,2,3,0,20262429,940100,2,1.6199999999999988,0.6377777777777778,1.0,1.0,0.08,0.08693426960323611,2.5
QTL|r=0.301029995664|erdos_renyi|g=3|init=0,QTL,1,0.30102999566398114,0.5,0.5,1.2041199826559246,erdos_renyi,8,2,3,0,20262429,940100,1,2.133244938466872,0.6066666666666667,1.0,1.0,0.03,0.09109366826489276,2.5
QTL|r=0.301029995664|erdos_renyi|g=3|init=0,QTL,1,0.30102999566398114,0.5,0.5,1.2041199826559246,erdos_renyi,8,2,3,0,20262429,940100,2,1.5717801037366959,0.6277777777777778,1.0,1.0,0.09000000000000001,0.08693426960323611,2.5
CVaR|r=0.698970004336|erdos_renyi|g=3|init=0,CVaR,2,0.6989700043360187,0.2,0.8,2.795880017344075,erdos_renyi,8,2,3,0,20262429,940200,1,1.2000000000000002,0.5877777777777777,1.0,1.0,0.05,0.09109366826489276,2.5000000000000004
CVaR|r=0.698970004336|erdos_renyi|g=3|init=0,CVaR,2,0.6989700043360187,0.2,0.8,2.795880017344075,erdos_renyi,8,2,3,0,20262429,940200,2,0.7000000000000001,0.6233333333333333,1.0,1.0,0.06,0.08693426960323611,2.5
QTL|r=0.698970004336|erdos_renyi|g=3|init=0,QTL,2,0.6989700043360187,0.2,0.8,2.795880017344075,erdos_renyi,8,2,3,0,20262429,940200,1,1.0426430605731343,0.5977777777777777,1.0,1.0,0.05,0.09109366826489276,2.4999999999999996
QTL|r=0.698970004336|erdos_renyi|g=3|init=0,QTL,2,0.6989700043360187,0.2,0.8,2.795880017344075,erdos_renyi,8,2,3,0,20262429,940200,2,1.0185822524051114,0.6088888888888889,1.0,1.0,0.05,0.08693426960323611,2.5
CVaR|r=1|erdos_renyi|g=3|init=0,CVaR,3,0.9999999999999998,0.1,0.9,3.999999999999999,erdos_renyi,8,2,3,0,20262429,940300,1,1.4000000000000001,0.5955555555555555,0.8888888888888888,0.8888888888888888,0.0,0.09109366826489276,2.5
CVaR|r=1|erdos_renyi|g=3|init=0,CVaR,3,0.9999999999999998,0.1,0.9,3.999999999999999,erdos_renyi,8,2,3,0,20262429,940300,2,0.7000000000000001,0.6144444444444443,1.0,1.0,0.03,0.08693426960323611,2.5
QTL|r=1|erdos_renyi|g=3|init=0,QTL,3,0.9999999999999998,0.1,0.9,3.999999999999999,erdos_renyi,8,2,3,0,20262429,940300,1,1.6946825348410939,0.5900000000000001,0.8888888888888888,0.8888888888888888,0.0,0.09109366826489276,1.3702400255625753
QTL|r=1|erdos_renyi|g=3|init=0,QTL,3,0.9999999999999998,0.1,0.9,3.999999999999999,erdos_renyi,8,2,3,0,20262429,940300,2,0.7943944602523286,0.5866666666666667,1.0,1.0,0.04,0.08693426960323611,2.5
CVaR|r=-0|erdos_renyi|g=4|init=0,CVaR,0,-0.0,1.0,0.0,-0.0,erdos_renyi,8,2,4,0,20262429,950000,1,3.02,0.6980000000000001,1.0,1.0,0.08,0.09109366826489276,2.294667731938548
CVaR|r=-0|erdos_renyi|g=4|init=0,CVaR,0,-0.0,1.0,0.0,-0.0,erdos_renyi,8,2,4,0,20262429,950000,2,3.05,0.6950000000000001,1.0,1.0,0.07,0.08693426960323611,2.5
QTL|r=-0|erdos_renyi|g=4|init=0,QTL,0,-0.0,1.0,0.0,-0.0,erdos_renyi,8,2,4,0,20262429,950000,1,3.02,0.6980000000000001,1.0,1.0,0.08,0.09109366826489276,2.294667731938548
QTL|r=-0|erdos_renyi|g=4|init=0,QTL,0,-0.0,1.0,0.0,-0.0,erdos_renyi,8,2,4,0,20262429,950000,2,3.05,0.6950000000000001,1.0,1.0,0.07,0.08693426960323611,2.5
CVaR|r=0.301029995664|erdos_renyi|g=4|init=0,CVaR,1,0.30102999566398114,0.5,0.5,1.2041199826559246,erdos_renyi,8,2,4,0,20262429,950100,1,1.4199999999999984,0.6990000000000001,1.0,1.0,0.060000000000000005,0.09109366826489276,2.5
CVaR|r=0.301029995664|erdos_renyi|g=4|init=0,CVaR,1,0.30102999566398114,0.5,0.5,1.2041199826559246,erdos_renyi,8,2,4,0,20262429,950100,2,1.419999999999999,0.6950000000000001,1.0,1.0,0.05,0.08693426960323611,2.5
QTL|r=0.301029995664|erdos_renyi|g=4|init=0,QTL,1,0.30102999566398114,0.5,0.5,1.2041199826559246,erdos_renyi,8,2,4,0,20262429,950100,1,1.5503943167266907,0.682,1.0,1.0,0.07999999999999999,0.09109366826489276,2.2236174958331056
QTL|r=0.301029995664|erdos_renyi|g=4|init=0,QTL,1,0.30102999566398114,0.5,0.5,1.2041199826559246,erdos_renyi,8,2,4,0,20262429,950100,2,1.746775153274913,0.6900000000000001,1.0,1.0,0.03,0.08693426960323611,2.468694202184849
CVaR|r=0.698970004336|erdos_renyi|g=4|init=0,CVaR,2,0.6989700043360187,0.2,0.8,2.795880017344075,erdos_renyi,8,2,4,0,20262429,950200,1,0.5500000000000002,0.7350000000000001,1.0,1.0,0.09,0.09109366826489276,2.5
CVaR|r=0.698970004336|erdos_renyi|g=4|init=0,CVaR,2,0.6989700043360187,0.2,0.8,2.795880017344075,erdos_renyi,8,2,4,0,20262429,950200,2,1.0999999999999999,0.712,1.0,1.0,0.01,0.08693426960323611,2.5
QTL|r=0.698970004336|erdos_renyi|g=4|init=0,QTL,2,0.6989700043360187,0.2,0.8,2.795880017344075,erdos_renyi,8,2,4,0,20262429,950200,1,0.9888276961227734,0.6980000000000001,1.0,1.0,0.05,0.09109366826489276,2.5
QTL|r=0.698970004336|erdos_renyi|g=4|init=0,QTL,2,0.6989700043360187,0.2,0.8,2.795880017344075,erdos_renyi,8,2,4,0,20262429,950200,2,0.6096664441271744,0.757,1.0,1.0,0.17,0.08693426960323611,1.3099968602467704
CVaR|r=1|erdos_renyi|g=4|init=0,CVaR,3,0.9999999999999998,0.1,0.9,3.999999999999999,erdos_renyi,8,2,4,0,20262429,950300,1,0.4000000000000001,0.6990000000000001,1.0,1.0,0.060000000000000005,0.09109366826489276,2.5
CVaR|r=1|erdos_renyi|g=4|init=0,CVaR,3,0.9999999999999998,0.1,0.9,3.999999999999999,erdos_renyi,8,2,4,0,20262429,950300,2,0.20000000000000012,0.7210000000000001,1.0,1.0,0.08,0.08693426960323611,2.5
QTL|r=1|erdos_renyi|g=4|init=0,QTL,3,0.9999999999999998,0.1,0.9,3.999999999999999,erdos_renyi,8,2,4,0,20262429,950300,1,0.7326816382182905,0.659,1.0,1.0,0.05,0.09109366826489276,1.9119949907295248
QTL|r=1|erdos_renyi|g=4|init=0,QTL,3,0.9999999999999998,0.1,0.9,3.999999999999999,erdos_renyi,8,2,4,0,20262429,950300,2,0.5691499486599153,0.6990000000000001,1.0,1.0,0.1,0.08693426960323611,1.2609667767349368
