task_id,method,control_index,control_r,alpha,one_minus_alpha,gamma,graph_family,n,p,graph_seed,init_id,init_seed,device_seed,initial_parameters,final_parameters,final_objective_loss,final_mean_ratio,tail_mean_ratio,peak_mean_ratio,best_ratio_so_far,final_optimal_mass,shots,steps,tail_window,optimizer_learning_rate,optimizer_learning_rate_decay_power,optimizer_learning_rate_decay_offset,optimizer_momentum,optimizer_gradient_clip,optimizer_tilt_learning_rate_penalty,simulator
CVaR|r=-0|erdos_renyi|g=0|init=0,CVaR,0,-0.0,1.0,0.0,-0.0,erdos_renyi,8,2,0,0,20262429,910000,"[3.0045084741480124, 0.6658867766369198, 2.9231716237466285, 4.046416608096568]","[2.969740308670575, 0.6165197978509659, 2.9186316866763597, 4.201633059269017]",2.0,0.7142857142857143,0.6942857142857144,0.7142857142857143,1.0,0.12000000000000001,100,2,10,0.18,0.35,6.0,0.7,2.5,0.0,lightning.qubit
QTL|r=-0|erdos_renyi|g=0|init=0,QTL,0,-0.0,1.0,0.0,-0.0,erdos_renyi,8,2,0,0,20262429,910000,"[3.0045084741480124, 0.6658867766369198, 2.9231716237466285, 4.046416608096568]","[2.969740308670575, 0.6165197978509659, 2.9186316866763597, 4.201633059269017]",2.0,0.7142857142857143,0.6942857142857144,0.7142857142857143,1.0,0.12000000000000001,100,2,10,0.18,0.35,6.0,0.7,2.5,0.0,lightning.qubit
CVaR|r=0.301029995664|erdos_renyi|g=0|init=0,CVaR,1,0.30102999566398114,0.5,0.5,1.2041199826559246,erdos_renyi,8,2,0,0,20262429,910100,"[3.0045084741480124, 0.6658867766369198, 2.9231716237466285, 4.046416608096568]","[2.9661792139398675, 0.5790227710288084, 2.9284931558053198, 4.193520205772025]",0.7199999999999999,0.7485714285714286,0.7092857142857143,0.7485714285714286,1.0,0.14,100,2,10,0.18,0.35,6.0,0.7,2.5,0.0,lightning.qubit
QTL|r=0.301029995664|erdos_renyi|g=0|init=0,QTL,1,0.30102999566398114,0.5,0.5,1.2041199826559246,erdos_renyi,8,2,0,0,20262429,910100,"[3.0045084741480124, 0.6658867766369198, 2.9231716237466285, 4.046416608096568]","[2.993921743709046, 0.5558629790359229, 2.9458421119261993, 4.1850889999784195]",1.0385469542125714,0.7442857142857141,0.7135714285714285,0.7442857142857141,1.0,0.15000000000000002,100,2,10,0.18,0.35,6.0,0.7,2.5,0.0,lightning.qubit
CVaR|r=0.698970004336|erdos_renyi|g=0|init=0,CVaR,2,0.6989700043360187,0.2,0.8,2.795880017344075,erdos_renyi,8,2,0,0,20262429,910200,"[3.0045084741480124, 0.6658867766369198, 2.9231716237466285, 4.046416608096568]","[2.9496019388740584, 0.5473746319784586, 2.929164302367537, 4.1635112368658245]",0.40000000000000013,0.7257142857142858,0.6742857142857143,0.7257142857142858,1.0,0.12,100,2,10,0.18,0.35,6.0,0.7,2.5,0.0,lightning.qubit
QTL|r=0.698970004336|erdos_renyi|g=0|init=0,QTL,2,0.6989700043360187,0.2,0.8,2.795880017344075,erdos_renyi,8,2,0,0,20262429,910200,"[3.0045084741480124, 0.6658867766369198, 2.9231716237466285, 4.046416608096568]","[2.984865882754327, 0.5940628729964115, 2.94897075073771, 4.135640744863193]",0.658657726646286,0.7157142857142856,0.665,0.7157142857142856,1.0,0.14,100,2,10,0.18,0.35,6.0,0.7,2.5,0.0,lightning.qubit
CVaR|r=1|erdos_renyi|g=0|init=0,CVaR,3,0.9999999999999998,0.1,0.9,3.999999999999999,erdos_renyi,8,2,0,0,20262429,910300,"[3.0045084741480124, 0.6658867766369198, 2.9231716237466285, 4.046416608096568]","[2.9976018124377832, 0.5580926159958752, 2.950680774853647, 4.181353966845901]",0.0,0.7214285714285715,0.6742857142857144,0.7214285714285715,1.0,0.16999999999999998,100,2,10,0.18,0.35,6.0,0.7,2.5,0.0,lightning.qubit
QTL|r=1|erdos_renyi|g=0|init=0,QTL,3,0.9999999999999998,0.1,0.9,3.999999999999999,erdos_renyi,8,2,0,0,20262429,910300,"[3.0045084741480124, 0.6658867766369198, 2.9231716237466285, 4.046416608096568]","[2.9868603092367714, 0.5981437239379618, 2.959291437718832, 4.149802148807785]",0.4349304428746598,0.7214285714285715,0.6671428571428571,0.7214285714285715,1.0,0.17,100,2,10,0.18,0.35,6.0,0.7,2.5,0.0,lightning.qubit
CVaR|r=-0|erdos_renyi|g=1|init=0,CVaR,0,-0.0,1.0,0.0,-0.0,erdos_renyi,8,2,1,0,20262429,920000,"[3.0045084741480124, 0.6658867766369198, 2.9231716237466285, 4.046416608096568]","[3.0349476942589764, 0.5728701261087862, 2.8698995307327735, 4.151917810854415]",3.3200000000000003,0.6679999999999999,0.6445000000000001,0.6679999999999999,1.0,0.01,100,2,10,0.18,0.35,6.0,0.7,2.5,0.0,lightning.qubit
QTL|r=-0|erdos_renyi|g=1|init=0,QTL,0,-0.0,1.0,0.0,-0.0,erdos_renyi,8,2,1,0,20262429,920000,"[3.0045084741480124, 0.6658867766369198, 2.9231716237466285, 4.046416608096568]","[3.0349476942589764, 0.5728701261087862, 2.8698995307327735, 4.151917810854415]",3.3200000000000003,0.6679999999999999,0.6445000000000001,0.6679999999999999,1.0,0.01,100,2,10,0.18,0.35,6.0,0.7,2.5,0.0,lightning.qubit
CVaR|r=0.301029995664|erdos_renyi|g=1|init=0,CVaR,1,0.30102999566398114,0.5,0.5,1.2041199826559246,erdos_renyi,8,2,1,0,20262429,920100,"[3.0045084741480124, 0.6658867766369198, 2.9231716237466285, 4.046416608096568]","[3.0347661855653785, 0.7511179344915767, 3.004013613497718, 4.144478123997119]",1.9599999999999986,0.6530000000000001,0.6520000000000001,0.6530000000000001,1.0,0.02,100,2,10,0.18,0.35,6.0,0.7,2.5,0.0,lightning.qubit
QTL|r=0.301029995664|erdos_renyi|g=1|init=0,QTL,1,0.30102999566398114,0.5,0.5,1.2041199826559246,erdos_renyi,8,2,1,0,20262429,920100,"[3.0045084741480124, 0.6658867766369198, 2.9231716237466285, 4.046416608096568]","[2.9838682224253463, 0.6884767483757942, 2.9738499401700342, 4.130468079431015]",1.694074016489043,0.6540000000000001,0.6600000000000001,0.666,1.0,0.07,100,2,10,0.18,0.35,6.0,0.7,2.5,0.0,lightning.qubit
CVaR|r=0.698970004336|erdos_renyi|g=1|init=0,CVaR,2,0.6989700043360187,0.2,0.8,2.795880017344075,erdos_renyi,8,2,1,0,20262429,920200,"[3.0045084741480124, 0.6658867766369198, 2.9231716237466285, 4.046416608096568]","[3.0486938248062985, 0.5799094646293306, 2.915343816854487, 4.158328501062855]",0.7500000000000001,0.655,0.641,0.655,1.0,0.05,100,2,10,0.18,0.35,6.0,0.7,2.5,0.0,lightning.qubit
QTL|r=0.698970004336|erdos_renyi|g=1|init=0,QTL,2,0.6989700043360187,0.2,0.8,2.795880017344075,erdos_renyi,8,2,1,0,20262429,920200,"[3.0045084741480124, 0.6658867766369198, 2.9231716237466285, 4.046416608096568]","[3.01102280832368, 0.6687830559634288, 2.928075064806203, 4.093935389084821]",1.277906507805357,0.632,0.6325000000000001,0.633,1.0,0.02,100,2,10,0.18,0.35,6.0,0.7,2.5,0.0,lightning.qubit
CVaR|r=1|erdos_renyi|g=1|init=0,CVaR,3,0.9999999999999998,0.1,0.9,3.999999999999999,erdos_renyi,8,2,1,0,20262429,920300,"[3.0045084741480124, 0.6658867766369198, 2.9231716237466285, 4.046416608096568]","[3.064746766436964, 0.7251986044285296, 2.9017808388378796, 4.013994852252931]",0.9000000000000006,0.6050000000000001,0.617,0.629,1.0,0.02,100,2,10,0.18,0.35,6.0,0.7,2.5,0.0,lightning.qubit
QTL|r=1|erdos_renyi|g=1|init=0,QTL,3,0.9999999999999998,0.1,0.9,3.999999999999999,erdos_renyi,8,2,1,0,20262429,920300,"[3.0045084741480124, 0.6658867766369198, 2.9231716237466285, 4.046416608096568]","[2.9563081484473974, 0.6645604185259929, 2.9154153681559443, 4.142002765827031]",1.5439338264604683,0.607,0.6255,0.6439999999999999,1.0,0.0,100,2,10,0.18,0.35,6.0,0.7,2.5,0.0,lightning.qubit
CVaR|r=-0|erdos_renyi|g=2|init=0,CVaR,0,-0.0,1.0,0.0,-0.0,erdos_renyi,8,2,2,0,20262429,930000,"[3.0045084741480124, 0.6658867766369198, 2.9231716237466285, 4.046416608096568]","[3.034983341521389, 0.6005329695236892, 2.9576916157474242, 4.203533764247294]",3.96,0.604,0.5720000000000001,0.604,1.0,0.08,100,2,10,0.18,0.35,6.0,0.7,2.5,0.0,lightning.qubit
QTL|r=-0|erdos_renyi|g=2|init=0,QTL,0,-0.0,1.0,0.0,-0.0,erdos_renyi,8,2,2,0,20262429,930000,"[3.0045084741480124, 0.6658867766369198, 2.9231716237466285, 4.046416608096568]","[3.034983341521389, 0.6005329695236892, 2.9576916157474242, 4.203533764247294]",3.96,0.604,0.5720000000000001,0.604,1.0,0.08,100,2,10,0.18,0.35,6.0,0.7,2.5,0.0,lightning.qubit
CVaR|r=0.301029995664|erdos_renyi|g=2|init=0,CVaR,1,0.30102999566398114,0.5,0.5,1.2041199826559246,erdos_renyi,8,2,2,0,20262429,930100,"[3.0045084741480124, 0.6658867766369198, 2.9231716237466285, 4.046416608096568]","[3.0143777612409113, 0.5429652383950044, 3.002356952421451, 4.135482092732996]",1.9799999999999982,0.6119999999999999,0.5914999999999999,0.6119999999999999,1.0,0.15000000000000002,100,2,10,0.18,0.35,6.0,0.7,2.5,0.0,lightning.qubit
QTL|r=0.301029995664|erdos_renyi|g=2|init=0,QTL,1,0.30102999566398114,0.5,0.5,1.2041199826559246,erdos_renyi,8,2,2,0,20262429,930100,"[3.0045084741480124, 0.6658867766369198, 2.9231716237466285, 4.046416608096568]","[3.057692566389855, 0.5477269333976393, 3.0144786979212017, 4.128077245326462]",1.551301285026949,0.595,0.576,0.595,1.0,0.13,100,2,10,0.18,0.35,6.0,0.7,2.5,0.0,lightning.qubit
CVaR|r=0.698970004336|erdos_renyi|g=2|init=0,CVaR,2,0.6989700043360187,0.2,0.8,2.795880017344075,erdos_renyi,8,2,2,0,20262429,930200,"[3.0045084741480124, 0.6658867766369198, 2.9231716237466285, 4.046416608096568]","[3.078937352654155, 0.5850283864784277, 3.0277178118767014, 4.1349725891980595]",1.6999999999999995,0.562,0.5625,0.5630000000000001,1.0,0.05,100,2,10,0.18,0.35,6.0,0.7,2.5,0.0,lightning.qubit
QTL|r=0.698970004336|erdos_renyi|g=2|init=0,QTL,2,0.6989700043360187,0.2,0.8,2.795880017344075,erdos_renyi,8,2,2,0,20262429,930200,"[3.0045084741480124, 0.6658867766369198, 2.9231716237466285, 4.046416608096568]","[3.0691442147802377, 0.6162256545095615, 3.0423454557347798, 4.103573047699758]",1.0648407718000958,0.5479999999999999,0.546,0.5479999999999999,1.0,0.05,100,2,10,0.18,0.35,6.0,0.7,2.5,0.0,lightning.qubit
CVaR|r=1|erdos_renyi|g=2|init=0,CVaR,3,0.9999999999999998,0.1,0.9,3.999999999999999,erdos_renyi,8,2,2,0,20262429,930300,"[3.0045084741480124, 0.6658867766369198, 2.9231716237466285, 4.046416608096568]","[3.0444288992132384, 0.583394490757086, 3.0267757005275233, 4.147230179192457]",0.0,0.618,0.5845,0.618,1.0,0.12000000000000001,100,2,10,0.18,0.35,6.0,0.7,2.5,0.0,lightning.qubit
QTL|r=1|erdos_renyi|g=2|init=0,QTL,3,0.9999999999999998,0.1,0.9,3.999999999999999,erdos_renyi,8,2,2,0,20262429,930300,"[3.0045084741480124, 0.6658867766369198, 2.9231716237466285, 4.046416608096568]","[3.055737447625224, 0.555330588140863, 2.996866012894791, 4.082436336899994]",0.5292457123839479,0.591,0.5705,0.591,1.0,0.12000000000000001,100,2,10,0.18,0.35,6.0,0.7,2.5,0.0,lightning.qubit
CVaR|r=-0|erdos_renyi|g=3|init=0,CVaR,0,-0.0,1.0,0.0,-0.0,erdos_renyi,8,2,3,0,20262429,940000,"[3.0045084741480124, 0.6658867766369198, 2.9231716237466285, 4.046416608096568]","[3.071728881716723, 0.640088734629425, 2.9752953093561194, 4.188513394387704]",3.44,0.6177777777777778,0.6027777777777777,0.6177777777777778,1.0,0.04,100,2,10,0.18,0.35,6.0,0.7,2.5,0.0,lightning.qubit
QTL|r=-0|erdos_renyi|g=3|init=0,QTL,0,-0.0,1.0,0.0,-0.0,erdos_renyi,8,2,3,0,20262429,940000,"[3.0045084741480124, 0.6658867766369198, 2.9231716237466285, 4.046416608096568]","[3.071728881716723, 0.640088734629425, 2.9752953093561194, 4.188513394387704]",3.44,0.6177777777777778,0.6027777777777777,0.6177777777777778,1.0,0.04,100,2,10,0.18,0.35,6.0,0.7,2.5,0.0,lightning.qubit
CVaR|r=0.301029995664|erdos_renyi|g=3|init=0,CVaR,1,0.30102999566398114,0.5,0.5,1.2041199826559246,erdos_renyi,8,2,3,0,20262429,940100,"[3.0045084741480124, 0.6658867766369198, 2.9231716237466285, 4.046416608096568]","[3.1278876305273173, 0.6898213723108938, 2.961912223751338, 4.165890084280753]",1.6199999999999988,0.6377777777777778,0.616111111111111,0.6377777777777778,1.0,0.08,100,2,10,0.18,0.35,6.0,0.7,2.5,0.0,lightning.qubit
QTL|r=0.301029995664|erdos_renyi|g=3|init=0,QTL,1,0.30102999566398114,0.5,0.5,1.2041199826559246,erdos_renyi,8,2,3,0,20262429,940100,"[3.0045084741480124, 0.6658867766369198, 2.9231716237466285, 4.046416608096568]","[3.146477321813919, 0.6526553028990716, 2.9899121004157796, 4.115457017914695]",1.5717801037366959,0.6277777777777778,0.6172222222222222,0.6277777777777778,1.0,0.09000000000000001,100,2,10,0.18,0.35,6.0,0.7,2.5,0.0,lightning.qubit
CVaR|r=0.698970004336|erdos_renyi|g=3|init=0,CVaR,2,0.6989700043360187,0.2,0.8,2.795880017344075,erdos_renyi,8,2,3,0,20262429,940200,"[3.0045084741480124, 0.6658867766369198, 2.9231716237466285, 4.046416608096568]","[3.1371649397936916, 0.7080788545870816, 2.947953844323164, 4.132686230904208]",0.7000000000000001,0.6233333333333333,0.6055555555555555,0.6233333333333333,1.0,0.06,100,2,10,0.18,0.35,6.0,0.7,2.5,0.0,lightning.qubit
QTL|r=0.698970004336|erdos_renyi|g=3|init=0,QTL,2,0.6989700043360187,0.2,0.8,2.795880017344075,erdos_renyi,8,2,3,0,20262429,940200,"[3.0045084741480124, 0.6658867766369198, 2.9231716237466285, 4.046416608096568]","[3.1242147728838683, 0.6880295334128748, 2.984237858392961, 4.1525356673060605]",1.0185822524051114,0.6088888888888889,0.6033333333333333,0.6088888888888889,1.0,0.05,100,2,10,0.18,0.35,6.0,0.7,2.5,0.0,lightning.qubit
CVaR|r=1|erdos_renyi|g=3|init=0,CVaR,3,0.9999999999999998,0.1,0.9,3.999999999999999,erdos_renyi,8,2,3,0,20262429,940300,"[3.0045084741480124, 0.6658867766369198, 2.9231716237466285, 4.046416608096568]","[3.0764004700922167, 0.6631093513466675, 2.9919456213498816, 4.18873366734602]",0.7000000000000001,0.6144444444444443,0.605,0.6144444444444443,1.0,0.03,100,2,10,0.18,0.35,6.0,0.7,2.5,0.0,lightning.qubit
QTL|r=1|erdos_renyi|g=3|init=0,QTL,3,0.9999999999999998,0.1,0.9,3.999999999999999,erdos_renyi,8,2,3,0,20262429,940300,"[3.0045084741480124, 0.6658867766369198, 2.9231716237466285, 4.046416608096568]","[3.0959105498575914, 0.6140084836313258, 2.9623923917010293, 4.1029204533009755]",0.7943944602523286,0.5866666666666667,0.5883333333333334,0.5900000000000001,1.0,0.04,100,2,10,0.18,0.35,6.0,0.7,2.5,0.0,lightning.qubit
CVaR|r=-0|erdos_renyi|g=4|init=0,CVaR,0,-0.0,1.0,0.0,-0.0,erdos_renyi,8,2,4,0,20262429,950000,"[3.0045084741480124, 0.6658867766369198, 2.9231716237466285, 4.046416608096568]","[3.12002665556576, 0.7217486736247198, 2.905368360465059, 3.9653789618035624]",3.05,0.6950000000000001,0.6965000000000001,0.6980000000000001,1.0,0.07,100,2,10,0.18,0.35,6.0,0.7,2.5,0.0,lightning.qubit
QTL|r=-0|erdos_renyi|g=4|init=0,QTL,0,-0.0,1.0,0.0,-0.0,erdos_renyi,8,2,4,0,20262429,950000,"[3.0045084741480124, 0.6658867766369198, 2.9231716237466285, 4.046416608096568]","[3.12002665556576, 0.7217486736247198, 2.905368360465059, 3.9653789618035624]",3.05,0.6950000000000001,0.6965000000000001,0.6980000000000001,1.0,0.07,100,2,10,0.18,0.35,6.0,0.7,2.5,0.0,lightning.qubit
CVaR|r=0.301029995664|erdos_renyi|g=4|init=0,CVaR,1,0.30102999566398114,0.5,0.5,1.2041199826559246,erdos_renyi,8,2,4,0,20262429,950100,"[3.0045084741480124, 0.6658867766369198, 2.9231716237466285, 4.046416608096568]","[3.1693040771576566, 0.7030006401634217, 2.8827652961112156, 4.069014744928857]",1.419999999999999,0.6950000000000001,0.6970000000000001,0.6990000000000001,1.0,0.05,100,2,10,0.18,0.35,6.0,0.7,2.5,0.0,lightning.qubit
QTL|r=0.301029995664|erdos_renyi|g=4|init=0,QTL,1,0.30102999566398114,0.5,0.5,1.2041199826559246,erdos_renyi,8,2,4,0,20262429,950100,"[3.0045084741480124, 0.6658867766369198, 2.9231716237466285, 4.046416608096568]","[3.113175221244886, 0.6439341923478035, 2.9527830698159563, 4.146392087310237]",1.746775153274913,0.6900000000000001,0.686,0.6900000000000001,1.0,0.03,100,2,10,0.18,0.35,6.0,0.7,2.5,0.0,lightning.qubit
CVaR|r=0.698970004336|erdos_renyi|g=4|init=0,CVaR,2,0.6989700043360187,0.2,0.8,2.795880017344075,erdos_renyi,8,2,4,0,20262429,950200,"[3.0045084741480124, 0.6658867766369198, 2.9231716237466285, 4.046416608096568]","[3.1455521274081115, 0.7229316934425551, 2.972084042284657, 4.102758994041214]",1.0999999999999999,0.712,0.7235,0.7350000000000001,1.0,0.01,100,2,10,0.18,0.35,6.0,0.7,2.5,0.0,lightning.qubit
QTL|r=0.698970004336|erdos_renyi|g=4|init=0,QTL,2,0.6989700043360187,0.2,0.8,2.795880017344075,erdos_renyi,8,2,4,0,20262429,950200,"[3.0045084741480124, 0.6658867766369198, 2.9231716237466285, 4.046416608096568]","[3.0765971996596484, 0.6139557906677804, 2.9822383849203473, 4.145295056704333]",0.6096664441271744,0.757,0.7275,0.757,1.0,0.17,100,2,10,0.18,0.35,6.0,0.7,2.5,0.0,lightning.qubit
CVaR|r=1|erdos_renyi|g=4|init=0,CVaR,3,0.9999999999999998,0.1,0.9,3.999999999999999,erdos_renyi,8,2,4,0,20262429,950300,"[3.0045084741480124, 0.6658867766369198, 2.9231716237466285, 4.046416608096568]","[3.143366089283101, 0.7149266162495975, 2.9204676004708454, 4.071635283202381]",0.20000000000000012,0.7210000000000001,0.7100000000000001,0.7210000000000001,1.0,0.08,100,2,10,0.18,0.35,6.0,0.7,2.5,0.0,lightning.qubit
QTL|r=1|erdos_renyi|g=4|init=0,QTL,3,0.9999999999999998,0.1,0.9,3.999999999999999,erdos_renyi,8,2,4,0,20262429,950300,"[3.0045084741480124, 0.6658867766369198, 2.9231716237466285, 4.046416608096568]","[3.0180359516603334, 0.5885326970370591, 2.9334587518884456, 4.1159624080439805]",0.5691499486599153,0.6990000000000001,0.679,0.6990000000000001,1.0,0.1,100,2,10,0.18,0.35,6.0,0.7,2.5,0.0,lightning.qubit
