graph_family,n,p,seed,gamma_plot,gamma_average_requested,gamma_average_realized,gamma_start,gamma_end_exclusive,gamma_last,num_init_points,final_mean_ratio,tail_mean_ratio,peak_mean_ratio,final_optimal_mass
erdos_renyi,8,2,0,0.0,0.0,0.0,0.0,0.0,0.0,5,0.7615371428571429,0.7624222857142857,0.7673485714285715,0.20384000000000002
erdos_renyi,8,2,0,1.0,1.0,0.9899999999999999,0.0,2.0,1.98,5,0.7598514285714286,0.7615217142857142,0.7694285714285714,0.22104
erdos_renyi,8,2,0,2.0,2.0,1.9799999999999998,0.0,4.0,3.96,5,0.7564285714285715,0.757364,0.7670628571428572,0.22308
erdos_renyi,8,2,0,3.0,3.0,2.97,0.0,6.0,5.9399999999999995,5,0.7431428571428571,0.7442382857142856,0.7582342857142857,0.21879999999999997
erdos_renyi,8,2,0,4.0,4.0,3.9599999999999995,0.0,8.0,7.92,5,0.7436457142857142,0.744696,0.7557314285714286,0.21564
erdos_renyi,8,2,0,8.0,8.0,7.919999999999999,0.0,16.0,15.84,5,0.7345028571428571,0.7361691428571427,0.7471028571428572,0.20780000000000004
erdos_renyi,8,2,0,10.0,10.0,9.9,0.0,20.0,19.8,5,0.7341657142857143,0.7353857142857143,0.7454857142857143,0.20552
erdos_renyi,8,2,0,16.0,16.0,15.839999999999998,0.0,32.0,31.68,5,0.7303657142857143,0.7317754285714286,0.74012,0.19276
erdos_renyi,8,2,0,24.0,24.0,23.76,0.0,48.0,47.519999999999996,5,0.7197771428571429,0.7210240000000001,0.7290971428571429,0.16796
erdos_renyi,8,2,0,36.0,36.0,35.64000000000001,0.0,72.0,71.28,5,0.7120742857142857,0.7131645714285714,0.7221485714285715,0.15416000000000002
erdos_renyi,8,2,0,50.0,50.0,49.5,0.0,100.0,99.0,5,0.7081028571428571,0.7094394285714285,0.7199371428571428,0.1474
erdos_renyi,8,2,1,0.0,0.0,0.0,0.0,0.0,0.0,5,0.786192,0.7873964000000001,0.791172,0.06183999999999999
erdos_renyi,8,2,1,1.0,1.0,0.9899999999999999,0.0,2.0,1.98,5,0.757952,0.7615316,0.7778959999999999,0.06432
erdos_renyi,8,2,1,2.0,2.0,1.9799999999999998,0.0,4.0,3.96,5,0.7522,0.7521376,0.7732680000000001,0.07856
erdos_renyi,8,2,1,3.0,3.0,2.97,0.0,6.0,5.9399999999999995,5,0.746896,0.7488916,0.7717959999999999,0.06467999999999999
erdos_renyi,8,2,1,4.0,4.0,3.9599999999999995,0.0,8.0,7.92,5,0.7863200000000001,0.7879832,0.8061399999999999,0.07588
erdos_renyi,8,2,1,8.0,8.0,7.919999999999999,0.0,16.0,15.84,5,0.7596040000000001,0.7612184000000001,0.775696,0.06692000000000001
erdos_renyi,8,2,1,10.0,10.0,9.9,0.0,20.0,19.8,5,0.7547,0.7572308,0.7728400000000001,0.06476
erdos_renyi,8,2,1,16.0,16.0,15.839999999999998,0.0,32.0,31.68,5,0.75934,0.760886,0.7731640000000001,0.06576
erdos_renyi,8,2,1,24.0,24.0,23.76,0.0,48.0,47.519999999999996,5,0.755156,0.7568136,0.7688520000000001,0.058679999999999996
erdos_renyi,8,2,1,36.0,36.0,35.64000000000001,0.0,72.0,71.28,5,0.750296,0.7527039999999999,0.7636160000000001,0.054920000000000004
erdos_renyi,8,2,1,50.0,50.0,49.5,0.0,100.0,99.0,5,0.747484,0.7498632000000001,0.761456,0.05212
erdos_renyi,8,2,2,0.0,0.0,0.0,0.0,0.0,0.0,5,0.677808,0.6781852,0.6857439999999999,0.18184
erdos_renyi,8,2,2,1.0,1.0,0.9899999999999999,0.0,2.0,1.98,5,0.668792,0.6695247999999999,0.682476,0.19796
erdos_renyi,8,2,2,2.0,2.0,1.9799999999999998,0.0,4.0,3.96,5,0.668172,0.6685876000000001,0.680056,0.19816
erdos_renyi,8,2,2,3.0,3.0,2.97,0.0,6.0,5.9399999999999995,5,0.668168,0.6686044,0.678844,0.19836
erdos_renyi,8,2,2,4.0,4.0,3.9599999999999995,0.0,8.0,7.92,5,0.66808,0.6685795999999999,0.677712,0.19816
erdos_renyi,8,2,2,8.0,8.0,7.919999999999999,0.0,16.0,15.84,5,0.668336,0.6686356,0.67576,0.19844
erdos_renyi,8,2,2,10.0,10.0,9.9,0.0,20.0,19.8,5,0.6682279999999999,0.6687048000000001,0.675848,0.1984
erdos_renyi,8,2,2,16.0,16.0,15.839999999999998,0.0,32.0,31.68,5,0.668356,0.6688436,0.675732,0.19736
erdos_renyi,8,2,2,24.0,24.0,23.76,0.0,48.0,47.519999999999996,5,0.6682159999999999,0.6687372,0.6748839999999999,0.19651999999999997
erdos_renyi,8,2,2,36.0,36.0,35.64000000000001,0.0,72.0,71.28,5,0.664612,0.6655264,0.671732,0.18556
erdos_renyi,8,2,2,50.0,50.0,49.5,0.0,100.0,99.0,5,0.6558439999999999,0.6581319999999999,0.663856,0.16648000000000002
erdos_renyi,8,2,3,0.0,0.0,0.0,0.0,0.0,0.0,5,0.7341288888888889,0.7344755555555557,0.7396666666666667,0.12464
erdos_renyi,8,2,3,1.0,1.0,0.9899999999999999,0.0,2.0,1.98,5,0.7641822222222222,0.7442471111111111,0.7737066666666667,0.17948
erdos_renyi,8,2,3,2.0,2.0,1.9799999999999998,0.0,4.0,3.96,5,0.7632044444444444,0.7627248888888889,0.7734488888888889,0.18168
erdos_renyi,8,2,3,3.0,3.0,2.97,0.0,6.0,5.9399999999999995,5,0.7117422222222223,0.7118333333333333,0.7211511111111111,0.13216
erdos_renyi,8,2,3,4.0,4.0,3.9599999999999995,0.0,8.0,7.92,5,0.7046088888888888,0.7043773333333333,0.7156577777777777,0.13355999999999998
erdos_renyi,8,2,3,8.0,8.0,7.919999999999999,0.0,16.0,15.84,5,0.7046577777777777,0.7046417777777778,0.7144444444444444,0.13355999999999998
erdos_renyi,8,2,3,10.0,10.0,9.9,0.0,20.0,19.8,5,0.7046533333333332,0.704628,0.7144444444444444,0.13355999999999998
erdos_renyi,8,2,3,16.0,16.0,15.839999999999998,0.0,32.0,31.68,5,0.7049022222222222,0.704796,0.7142577777777779,0.1334
erdos_renyi,8,2,3,24.0,24.0,23.76,0.0,48.0,47.519999999999996,5,0.7056,0.7056222222222222,0.7147466666666666,0.13316
erdos_renyi,8,2,3,36.0,36.0,35.64000000000001,0.0,72.0,71.28,5,0.7046844444444444,0.7041733333333333,0.7128666666666666,0.12972
erdos_renyi,8,2,3,50.0,50.0,49.5,0.0,100.0,99.0,5,0.6974311111111111,0.69664,0.7055777777777779,0.11764000000000001
erdos_renyi,8,2,4,0.0,0.0,0.0,0.0,0.0,0.0,5,0.8281560000000001,0.827736,0.833168,0.21936
erdos_renyi,8,2,4,1.0,1.0,0.9899999999999999,0.0,2.0,1.98,5,0.8736320000000001,0.8738024,0.8840999999999999,0.35492
erdos_renyi,8,2,4,2.0,2.0,1.9799999999999998,0.0,4.0,3.96,5,0.83948,0.8410112,0.8581160000000001,0.34487999999999996
erdos_renyi,8,2,4,3.0,3.0,2.97,0.0,6.0,5.9399999999999995,5,0.838824,0.8395223999999999,0.854476,0.34459999999999996
erdos_renyi,8,2,4,4.0,4.0,3.9599999999999995,0.0,8.0,7.92,5,0.83748,0.8383352000000001,0.852116,0.34152
erdos_renyi,8,2,4,8.0,8.0,7.919999999999999,0.0,16.0,15.84,5,0.8362960000000002,0.8370447999999999,0.847456,0.32567999999999997
erdos_renyi,8,2,4,10.0,10.0,9.9,0.0,20.0,19.8,5,0.837008,0.8378032,0.8466480000000001,0.32867999999999997
erdos_renyi,8,2,4,16.0,16.0,15.839999999999998,0.0,32.0,31.68,5,0.8372440000000001,0.8368552000000001,0.843604,0.31808000000000003
erdos_renyi,8,2,4,24.0,24.0,23.76,0.0,48.0,47.519999999999996,5,0.8298359999999999,0.8294419999999999,0.8365119999999999,0.29316
erdos_renyi,8,2,4,36.0,36.0,35.64000000000001,0.0,72.0,71.28,5,0.8116199999999999,0.8119596,0.818848,0.27204
erdos_renyi,8,2,4,50.0,50.0,49.5,0.0,100.0,99.0,5,0.7926200000000001,0.794604,0.8027719999999998,0.25484
