graph_family,n,p,seed,objective,init_id,init_seed,init_params,final_mean_ratio,tail_mean_ratio,peak_mean_ratio,final_optimal_mass,gamma_plot,gamma_average_requested,gamma_average_realized,gamma_start,gamma_end_exclusive,gamma_last
erdos_renyi,8,2,0,QTL ascending schedule with average gamma=0.00,0,20262429,"[3.0045084741480124, 0.6658867766369198, 2.9231716237466285, 4.046416608096568]",0.873,0.8733457142857143,0.8778,0.35660000000000003,0.0,0.0,0.0,0.0,0.0,0.0
erdos_renyi,8,2,0,QTL ascending schedule with average gamma=0.00,1,20262430,"[5.1541213316333945, 3.721852295442659, 4.903726068591482, 1.2222919096378122]",0.6192857142857143,0.621637142857143,0.6270857142857142,0.028999999999999998,0.0,0.0,0.0,0.0,0.0,0.0
erdos_renyi,8,2,0,QTL ascending schedule with average gamma=0.00,2,20262431,"[0.7781164276219816, 3.2262615747046017, 1.0811483388068108, 2.98222281407082]",0.8885142857142858,0.8889285714285716,0.8933142857142856,0.4074,0.0,0.0,0.0,0.0,0.0,0.0
erdos_renyi,8,2,0,QTL ascending schedule with average gamma=0.00,3,20262432,"[4.307602282343021, 3.034090238606556, 2.891329909804126, 1.6537892584670473]",0.6153142857142857,0.6179314285714287,0.6226857142857144,0.0172,0.0,0.0,0.0,0.0,0.0,0.0
erdos_renyi,8,2,0,QTL ascending schedule with average gamma=0.00,4,20262433,"[1.697931517675189, 4.9740234499068094, 5.809501218322688, 4.3764810471886175]",0.8115714285714286,0.8102685714285714,0.815857142857143,0.209,0.0,0.0,0.0,0.0,0.0,0.0
erdos_renyi,8,2,0,QTL ascending schedule with average gamma=1.00,0,20262429,"[3.0045084741480124, 0.6658867766369198, 2.9231716237466285, 4.046416608096568]",0.8680857142857145,0.8691742857142858,0.8766571428571429,0.3726,1.0,1.0,0.9899999999999999,0.0,2.0,1.98
erdos_renyi,8,2,0,QTL ascending schedule with average gamma=1.00,1,20262430,"[5.1541213316333945, 3.721852295442659, 4.903726068591482, 1.2222919096378122]",0.6389428571428571,0.6405771428571428,0.6432571428571429,0.0698,1.0,1.0,0.9899999999999999,0.0,2.0,1.98
erdos_renyi,8,2,0,QTL ascending schedule with average gamma=1.00,2,20262431,"[0.7781164276219816, 3.2262615747046017, 1.0811483388068108, 2.98222281407082]",0.881,0.8814142857142857,0.8924571428571427,0.4258,1.0,1.0,0.9899999999999999,0.0,2.0,1.98
erdos_renyi,8,2,0,QTL ascending schedule with average gamma=1.00,3,20262432,"[4.307602282343021, 3.034090238606556, 2.891329909804126, 1.6537892584670473]",0.6139142857142856,0.6164799999999999,0.6217428571428572,0.0218,1.0,1.0,0.9899999999999999,0.0,2.0,1.98
erdos_renyi,8,2,0,QTL ascending schedule with average gamma=1.00,4,20262433,"[1.697931517675189, 4.9740234499068094, 5.809501218322688, 4.3764810471886175]",0.7973142857142858,0.7999628571428572,0.8130285714285714,0.2152,1.0,1.0,0.9899999999999999,0.0,2.0,1.98
erdos_renyi,8,2,0,QTL ascending schedule with average gamma=2.00,0,20262429,"[3.0045084741480124, 0.6658867766369198, 2.9231716237466285, 4.046416608096568]",0.8670285714285715,0.8674028571428571,0.8756857142857143,0.37259999999999993,2.0,2.0,1.9799999999999998,0.0,4.0,3.96
erdos_renyi,8,2,0,QTL ascending schedule with average gamma=2.00,1,20262430,"[5.1541213316333945, 3.721852295442659, 4.903726068591482, 1.2222919096378122]",0.6351714285714286,0.63474,0.6367142857142858,0.0772,2.0,2.0,1.9799999999999998,0.0,4.0,3.96
erdos_renyi,8,2,0,QTL ascending schedule with average gamma=2.00,2,20262431,"[0.7781164276219816, 3.2262615747046017, 1.0811483388068108, 2.98222281407082]",0.8775714285714286,0.8782542857142858,0.889457142857143,0.4264,2.0,2.0,1.9799999999999998,0.0,4.0,3.96
erdos_renyi,8,2,0,QTL ascending schedule with average gamma=2.00,3,20262432,"[4.307602282343021, 3.034090238606556, 2.891329909804126, 1.6537892584670473]",0.6084571428571428,0.6106685714285713,0.6201714285714285,0.0214,2.0,2.0,1.9799999999999998,0.0,4.0,3.96
erdos_renyi,8,2,0,QTL ascending schedule with average gamma=2.00,4,20262433,"[1.697931517675189, 4.9740234499068094, 5.809501218322688, 4.3764810471886175]",0.7939142857142857,0.7957542857142857,0.8132857142857143,0.2178,2.0,2.0,1.9799999999999998,0.0,4.0,3.96
erdos_renyi,8,2,0,QTL ascending schedule with average gamma=3.00,0,20262429,"[3.0045084741480124, 0.6658867766369198, 2.9231716237466285, 4.046416608096568]",0.8674,0.8675457142857143,0.8728,0.37239999999999995,3.0,3.0,2.97,0.0,6.0,5.9399999999999995
erdos_renyi,8,2,0,QTL ascending schedule with average gamma=3.00,1,20262430,"[5.1541213316333945, 3.721852295442659, 4.903726068591482, 1.2222919096378122]",0.608,0.6084085714285714,0.614,0.0564,3.0,3.0,2.97,0.0,6.0,5.9399999999999995
erdos_renyi,8,2,0,QTL ascending schedule with average gamma=3.00,2,20262431,"[0.7781164276219816, 3.2262615747046017, 1.0811483388068108, 2.98222281407082]",0.8763428571428571,0.8773485714285714,0.8890857142857144,0.4268,3.0,3.0,2.97,0.0,6.0,5.9399999999999995
erdos_renyi,8,2,0,QTL ascending schedule with average gamma=3.00,3,20262432,"[4.307602282343021, 3.034090238606556, 2.891329909804126, 1.6537892584670473]",0.5707428571428571,0.5727742857142857,0.6020000000000001,0.020800000000000003,3.0,3.0,2.97,0.0,6.0,5.9399999999999995
erdos_renyi,8,2,0,QTL ascending schedule with average gamma=3.00,4,20262433,"[1.697931517675189, 4.9740234499068094, 5.809501218322688, 4.3764810471886175]",0.7932285714285714,0.7951142857142857,0.8132857142857143,0.2176,3.0,3.0,2.97,0.0,6.0,5.9399999999999995
erdos_renyi,8,2,0,QTL ascending schedule with average gamma=4.00,0,20262429,"[3.0045084741480124, 0.6658867766369198, 2.9231716237466285, 4.046416608096568]",0.8679142857142856,0.8680457142857143,0.8729714285714286,0.37220000000000003,4.0,4.0,3.9599999999999995,0.0,8.0,7.92
erdos_renyi,8,2,0,QTL ascending schedule with average gamma=4.00,1,20262430,"[5.1541213316333945, 3.721852295442659, 4.903726068591482, 1.2222919096378122]",0.6081428571428571,0.6087742857142857,0.6133428571428572,0.039,4.0,4.0,3.9599999999999995,0.0,8.0,7.92
erdos_renyi,8,2,0,QTL ascending schedule with average gamma=4.00,2,20262431,"[0.7781164276219816, 3.2262615747046017, 1.0811483388068108, 2.98222281407082]",0.8768,0.8774228571428571,0.8887142857142857,0.42940000000000006,4.0,4.0,3.9599999999999995,0.0,8.0,7.92
erdos_renyi,8,2,0,QTL ascending schedule with average gamma=4.00,3,20262432,"[4.307602282343021, 3.034090238606556, 2.891329909804126, 1.6537892584670473]",0.5719428571428572,0.5742914285714286,0.5901714285714287,0.020800000000000003,4.0,4.0,3.9599999999999995,0.0,8.0,7.92
erdos_renyi,8,2,0,QTL ascending schedule with average gamma=4.00,4,20262433,"[1.697931517675189, 4.9740234499068094, 5.809501218322688, 4.3764810471886175]",0.7934285714285714,0.7949457142857144,0.8134571428571429,0.2168,4.0,4.0,3.9599999999999995,0.0,8.0,7.92
erdos_renyi,8,2,0,QTL ascending schedule with average gamma=8.00,0,20262429,"[3.0045084741480124, 0.6658867766369198, 2.9231716237466285, 4.046416608096568]",0.8625714285714287,0.862502857142857,0.8656571428571429,0.3546,8.0,8.0,7.919999999999999,0.0,16.0,15.84
erdos_renyi,8,2,0,QTL ascending schedule with average gamma=8.00,1,20262430,"[5.1541213316333945, 3.721852295442659, 4.903726068591482, 1.2222919096378122]",0.5712,0.5734057142857142,0.5850857142857143,0.0212,8.0,8.0,7.919999999999999,0.0,16.0,15.84
erdos_renyi,8,2,0,QTL ascending schedule with average gamma=8.00,2,20262431,"[0.7781164276219816, 3.2262615747046017, 1.0811483388068108, 2.98222281407082]",0.8774285714285713,0.8780514285714286,0.8887142857142857,0.42660000000000003,8.0,8.0,7.919999999999999,0.0,16.0,15.84
erdos_renyi,8,2,0,QTL ascending schedule with average gamma=8.00,3,20262432,"[4.307602282343021, 3.034090238606556, 2.891329909804126, 1.6537892584670473]",0.5686571428571429,0.5719942857142857,0.5846571428571429,0.020999999999999998,8.0,8.0,7.919999999999999,0.0,16.0,15.84
erdos_renyi,8,2,0,QTL ascending schedule with average gamma=8.00,4,20262433,"[1.697931517675189, 4.9740234499068094, 5.809501218322688, 4.3764810471886175]",0.792657142857143,0.7948914285714286,0.8114,0.21560000000000004,8.0,8.0,7.919999999999999,0.0,16.0,15.84
erdos_renyi,8,2,0,QTL ascending schedule with average gamma=10.00,0,20262429,"[3.0045084741480124, 0.6658867766369198, 2.9231716237466285, 4.046416608096568]",0.8582000000000001,0.8564685714285714,0.8595428571428572,0.3436,10.0,10.0,9.9,0.0,20.0,19.8
erdos_renyi,8,2,0,QTL ascending schedule with average gamma=10.00,1,20262430,"[5.1541213316333945, 3.721852295442659, 4.903726068591482, 1.2222919096378122]",0.5708,0.5730142857142857,0.5849714285714285,0.021,10.0,10.0,9.9,0.0,20.0,19.8
erdos_renyi,8,2,0,QTL ascending schedule with average gamma=10.00,2,20262431,"[0.7781164276219816, 3.2262615747046017, 1.0811483388068108, 2.98222281407082]",0.8802857142857142,0.8807714285714286,0.8898857142857144,0.4258,10.0,10.0,9.9,0.0,20.0,19.8
erdos_renyi,8,2,0,QTL ascending schedule with average gamma=10.00,3,20262432,"[4.307602282343021, 3.034090238606556, 2.891329909804126, 1.6537892584670473]",0.5690571428571428,0.5717628571428571,0.5840857142857142,0.022199999999999994,10.0,10.0,9.9,0.0,20.0,19.8
erdos_renyi,8,2,0,QTL ascending schedule with average gamma=10.00,4,20262433,"[1.697931517675189, 4.9740234499068094, 5.809501218322688, 4.3764810471886175]",0.7924857142857142,0.7949114285714286,0.8089428571428572,0.215,10.0,10.0,9.9,0.0,20.0,19.8
erdos_renyi,8,2,0,QTL ascending schedule with average gamma=16.00,0,20262429,"[3.0045084741480124, 0.6658867766369198, 2.9231716237466285, 4.046416608096568]",0.8383142857142857,0.8363028571428572,0.8390285714285716,0.3066,16.0,16.0,15.839999999999998,0.0,32.0,31.68
erdos_renyi,8,2,0,QTL ascending schedule with average gamma=16.00,1,20262430,"[5.1541213316333945, 3.721852295442659, 4.903726068591482, 1.2222919096378122]",0.5702857142857143,0.5725085714285714,0.5855142857142858,0.021,16.0,16.0,15.839999999999998,0.0,32.0,31.68
erdos_renyi,8,2,0,QTL ascending schedule with average gamma=16.00,2,20262431,"[0.7781164276219816, 3.2262615747046017, 1.0811483388068108, 2.98222281407082]",0.8824285714285713,0.8835000000000001,0.8863142857142857,0.4002,16.0,16.0,15.839999999999998,0.0,32.0,31.68
erdos_renyi,8,2,0,QTL ascending schedule with average gamma=16.00,3,20262432,"[4.307602282343021, 3.034090238606556, 2.891329909804126, 1.6537892584670473]",0.5682,0.5717171428571429,0.5841714285714286,0.021,16.0,16.0,15.839999999999998,0.0,32.0,31.68
erdos_renyi,8,2,0,QTL ascending schedule with average gamma=16.00,4,20262433,"[1.697931517675189, 4.9740234499068094, 5.809501218322688, 4.3764810471886175]",0.7926000000000001,0.7948485714285713,0.8055714285714286,0.21500000000000002,16.0,16.0,15.839999999999998,0.0,32.0,31.68
erdos_renyi,8,2,0,QTL ascending schedule with average gamma=24.00,0,20262429,"[3.0045084741480124, 0.6658867766369198, 2.9231716237466285, 4.046416608096568]",0.8109714285714286,0.8113428571428573,0.8147714285714286,0.2434,24.0,24.0,23.76,0.0,48.0,47.519999999999996
erdos_renyi,8,2,0,QTL ascending schedule with average gamma=24.00,1,20262430,"[5.1541213316333945, 3.721852295442659, 4.903726068591482, 1.2222919096378122]",0.5694857142857143,0.5723371428571429,0.5862285714285714,0.020800000000000003,24.0,24.0,23.76,0.0,48.0,47.519999999999996
erdos_renyi,8,2,0,QTL ascending schedule with average gamma=24.00,2,20262431,"[0.7781164276219816, 3.2262615747046017, 1.0811483388068108, 2.98222281407082]",0.8569142857142857,0.8547371428571429,0.8569142857142857,0.3376,24.0,24.0,23.76,0.0,48.0,47.519999999999996
erdos_renyi,8,2,0,QTL ascending schedule with average gamma=24.00,3,20262432,"[4.307602282343021, 3.034090238606556, 2.891329909804126, 1.6537892584670473]",0.5685714285714286,0.5719085714285714,0.5835142857142858,0.020999999999999998,24.0,24.0,23.76,0.0,48.0,47.519999999999996
erdos_renyi,8,2,0,QTL ascending schedule with average gamma=24.00,4,20262433,"[1.697931517675189, 4.9740234499068094, 5.809501218322688, 4.3764810471886175]",0.7929428571428572,0.7947942857142858,0.8040571428571429,0.21699999999999997,24.0,24.0,23.76,0.0,48.0,47.519999999999996
erdos_renyi,8,2,0,QTL ascending schedule with average gamma=36.00,0,20262429,"[3.0045084741480124, 0.6658867766369198, 2.9231716237466285, 4.046416608096568]",0.7989142857142857,0.8006371428571428,0.8050285714285713,0.22119999999999998,36.0,36.0,35.64000000000001,0.0,72.0,71.28
erdos_renyi,8,2,0,QTL ascending schedule with average gamma=36.00,1,20262430,"[5.1541213316333945, 3.721852295442659, 4.903726068591482, 1.2222919096378122]",0.5707428571428571,0.5725542857142857,0.5878000000000002,0.0214,36.0,36.0,35.64000000000001,0.0,72.0,71.28
erdos_renyi,8,2,0,QTL ascending schedule with average gamma=36.00,2,20262431,"[0.7781164276219816, 3.2262615747046017, 1.0811483388068108, 2.98222281407082]",0.8291142857142857,0.8263999999999999,0.8294571428571429,0.2886,36.0,36.0,35.64000000000001,0.0,72.0,71.28
erdos_renyi,8,2,0,QTL ascending schedule with average gamma=36.00,3,20262432,"[4.307602282343021, 3.034090238606556, 2.891329909804126, 1.6537892584670473]",0.5692571428571428,0.5719428571428571,0.5843999999999999,0.0202,36.0,36.0,35.64000000000001,0.0,72.0,71.28
erdos_renyi,8,2,0,QTL ascending schedule with average gamma=36.00,4,20262433,"[1.697931517675189, 4.9740234499068094, 5.809501218322688, 4.3764810471886175]",0.7923428571428571,0.7942885714285713,0.8040571428571429,0.2194,36.0,36.0,35.64000000000001,0.0,72.0,71.28
erdos_renyi,8,2,0,QTL ascending schedule with average gamma=50.00,0,20262429,"[3.0045084741480124, 0.6658867766369198, 2.9231716237466285, 4.046416608096568]",0.7938857142857144,0.7962171428571428,0.8032285714285715,0.2162,50.0,50.0,49.5,0.0,100.0,99.0
erdos_renyi,8,2,0,QTL ascending schedule with average gamma=50.00,1,20262430,"[5.1541213316333945, 3.721852295442659, 4.903726068591482, 1.2222919096378122]",0.5714571428571428,0.5725999999999999,0.5895714285714285,0.021800000000000003,50.0,50.0,49.5,0.0,100.0,99.0
erdos_renyi,8,2,0,QTL ascending schedule with average gamma=50.00,2,20262431,"[0.7781164276219816, 3.2262615747046017, 1.0811483388068108, 2.98222281407082]",0.8145428571428572,0.8129742857142859,0.8178285714285715,0.26020000000000004,50.0,50.0,49.5,0.0,100.0,99.0
erdos_renyi,8,2,0,QTL ascending schedule with average gamma=50.00,3,20262432,"[4.307602282343021, 3.034090238606556, 2.891329909804126, 1.6537892584670473]",0.5692857142857143,0.57218,0.585,0.0202,50.0,50.0,49.5,0.0,100.0,99.0
erdos_renyi,8,2,0,QTL ascending schedule with average gamma=50.00,4,20262433,"[1.697931517675189, 4.9740234499068094, 5.809501218322688, 4.3764810471886175]",0.7913428571428572,0.7932257142857143,0.8040571428571429,0.2186,50.0,50.0,49.5,0.0,100.0,99.0
erdos_renyi,8,2,1,QTL ascending schedule with average gamma=0.00,0,20262429,"[3.0045084741480124, 0.6658867766369198, 2.9231716237466285, 4.046416608096568]",0.8721399999999999,0.8728259999999999,0.8762999999999999,0.1132,0.0,0.0,0.0,0.0,0.0,0.0
erdos_renyi,8,2,1,QTL ascending schedule with average gamma=0.00,1,20262430,"[5.1541213316333945, 3.721852295442659, 4.903726068591482, 1.2222919096378122]",0.6819200000000001,0.6830040000000001,0.68518,0.0118,0.0,0.0,0.0,0.0,0.0,0.0
erdos_renyi,8,2,1,QTL ascending schedule with average gamma=0.00,2,20262431,"[0.7781164276219816, 3.2262615747046017, 1.0811483388068108, 2.98222281407082]",0.8722199999999999,0.8728440000000001,0.8763,0.1132,0.0,0.0,0.0,0.0,0.0,0.0
erdos_renyi,8,2,1,QTL ascending schedule with average gamma=0.00,3,20262432,"[4.307602282343021, 3.034090238606556, 2.891329909804126, 1.6537892584670473]",0.6805,0.6826920000000001,0.6871,0.011,0.0,0.0,0.0,0.0,0.0,0.0
erdos_renyi,8,2,1,QTL ascending schedule with average gamma=0.00,4,20262433,"[1.697931517675189, 4.9740234499068094, 5.809501218322688, 4.3764810471886175]",0.8241800000000001,0.8256160000000001,0.8309799999999999,0.06,0.0,0.0,0.0,0.0,0.0,0.0
erdos_renyi,8,2,1,QTL ascending schedule with average gamma=1.00,0,20262429,"[3.0045084741480124, 0.6658867766369198, 2.9231716237466285, 4.046416608096568]",0.85732,0.860178,0.8733799999999998,0.13219999999999998,1.0,1.0,0.9899999999999999,0.0,2.0,1.98
erdos_renyi,8,2,1,QTL ascending schedule with average gamma=1.00,1,20262430,"[5.1541213316333945, 3.721852295442659, 4.903726068591482, 1.2222919096378122]",0.64334,0.648782,0.67424,0.0076,1.0,1.0,0.9899999999999999,0.0,2.0,1.98
erdos_renyi,8,2,1,QTL ascending schedule with average gamma=1.00,2,20262431,"[0.7781164276219816, 3.2262615747046017, 1.0811483388068108, 2.98222281407082]",0.82988,0.8314539999999999,0.83796,0.1066,1.0,1.0,0.9899999999999999,0.0,2.0,1.98
erdos_renyi,8,2,1,QTL ascending schedule with average gamma=1.00,3,20262432,"[4.307602282343021, 3.034090238606556, 2.891329909804126, 1.6537892584670473]",0.64832,0.6524479999999999,0.67428,0.007599999999999999,1.0,1.0,0.9899999999999999,0.0,2.0,1.98
erdos_renyi,8,2,1,QTL ascending schedule with average gamma=1.00,4,20262433,"[1.697931517675189, 4.9740234499068094, 5.809501218322688, 4.3764810471886175]",0.8109,0.814796,0.82962,0.0676,1.0,1.0,0.9899999999999999,0.0,2.0,1.98
erdos_renyi,8,2,1,QTL ascending schedule with average gamma=2.00,0,20262429,"[3.0045084741480124, 0.6658867766369198, 2.9231716237466285, 4.046416608096568]",0.83984,0.844222,0.86984,0.13440000000000002,2.0,2.0,1.9799999999999998,0.0,4.0,3.96
erdos_renyi,8,2,1,QTL ascending schedule with average gamma=2.00,1,20262430,"[5.1541213316333945, 3.721852295442659, 4.903726068591482, 1.2222919096378122]",0.65768,0.64658,0.67278,0.0844,2.0,2.0,1.9799999999999998,0.0,4.0,3.96
erdos_renyi,8,2,1,QTL ascending schedule with average gamma=2.00,2,20262431,"[0.7781164276219816, 3.2262615747046017, 1.0811483388068108, 2.98222281407082]",0.81084,0.8134599999999998,0.82542,0.09620000000000001,2.0,2.0,1.9799999999999998,0.0,4.0,3.96
erdos_renyi,8,2,1,QTL ascending schedule with average gamma=2.00,3,20262432,"[4.307602282343021, 3.034090238606556, 2.891329909804126, 1.6537892584670473]",0.65118,0.6520720000000001,0.67106,0.009399999999999999,2.0,2.0,1.9799999999999998,0.0,4.0,3.96
erdos_renyi,8,2,1,QTL ascending schedule with average gamma=2.00,4,20262433,"[1.697931517675189, 4.9740234499068094, 5.809501218322688, 4.3764810471886175]",0.8014600000000002,0.804354,0.8272400000000001,0.0684,2.0,2.0,1.9799999999999998,0.0,4.0,3.96
erdos_renyi,8,2,1,QTL ascending schedule with average gamma=3.00,0,20262429,"[3.0045084741480124, 0.6658867766369198, 2.9231716237466285, 4.046416608096568]",0.83544,0.839908,0.8722,0.13419999999999999,3.0,3.0,2.97,0.0,6.0,5.9399999999999995
erdos_renyi,8,2,1,QTL ascending schedule with average gamma=3.00,1,20262430,"[5.1541213316333945, 3.721852295442659, 4.903726068591482, 1.2222919096378122]",0.64652,0.6463720000000001,0.6705599999999999,0.0152,3.0,3.0,2.97,0.0,6.0,5.9399999999999995
erdos_renyi,8,2,1,QTL ascending schedule with average gamma=3.00,2,20262431,"[0.7781164276219816, 3.2262615747046017, 1.0811483388068108, 2.98222281407082]",0.8076599999999999,0.8086260000000001,0.8222799999999999,0.0954,3.0,3.0,2.97,0.0,6.0,5.9399999999999995
erdos_renyi,8,2,1,QTL ascending schedule with average gamma=3.00,3,20262432,"[4.307602282343021, 3.034090238606556, 2.891329909804126, 1.6537892584670473]",0.64574,0.647986,0.6674,0.0102,3.0,3.0,2.97,0.0,6.0,5.9399999999999995
erdos_renyi,8,2,1,QTL ascending schedule with average gamma=3.00,4,20262433,"[1.697931517675189, 4.9740234499068094, 5.809501218322688, 4.3764810471886175]",0.79912,0.801566,0.8265399999999999,0.06839999999999999,3.0,3.0,2.97,0.0,6.0,5.9399999999999995
erdos_renyi,8,2,1,QTL ascending schedule with average gamma=4.00,0,20262429,"[3.0045084741480124, 0.6658867766369198, 2.9231716237466285, 4.046416608096568]",0.8341200000000001,0.83856,0.8712799999999999,0.1338,4.0,4.0,3.9599999999999995,0.0,8.0,7.92
erdos_renyi,8,2,1,QTL ascending schedule with average gamma=4.00,1,20262430,"[5.1541213316333945, 3.721852295442659, 4.903726068591482, 1.2222919096378122]",0.64602,0.645946,0.6711,0.0148,4.0,4.0,3.9599999999999995,0.0,8.0,7.92
erdos_renyi,8,2,1,QTL ascending schedule with average gamma=4.00,2,20262431,"[0.7781164276219816, 3.2262615747046017, 1.0811483388068108, 2.98222281407082]",0.8526200000000002,0.850502,0.8544599999999999,0.1008,4.0,4.0,3.9599999999999995,0.0,8.0,7.92
erdos_renyi,8,2,1,QTL ascending schedule with average gamma=4.00,3,20262432,"[4.307602282343021, 3.034090238606556, 2.891329909804126, 1.6537892584670473]",0.80002,0.8041640000000001,0.8073,0.0614,4.0,4.0,3.9599999999999995,0.0,8.0,7.92
erdos_renyi,8,2,1,QTL ascending schedule with average gamma=4.00,4,20262433,"[1.697931517675189, 4.9740234499068094, 5.809501218322688, 4.3764810471886175]",0.79882,0.8007440000000001,0.82656,0.0686,4.0,4.0,3.9599999999999995,0.0,8.0,7.92
erdos_renyi,8,2,1,QTL ascending schedule with average gamma=8.00,0,20262429,"[3.0045084741480124, 0.6658867766369198, 2.9231716237466285, 4.046416608096568]",0.8342400000000001,0.838042,0.86724,0.1344,8.0,8.0,7.919999999999999,0.0,16.0,15.84
erdos_renyi,8,2,1,QTL ascending schedule with average gamma=8.00,1,20262430,"[5.1541213316333945, 3.721852295442659, 4.903726068591482, 1.2222919096378122]",0.6653399999999999,0.665262,0.6754,0.0234,8.0,8.0,7.919999999999999,0.0,16.0,15.84
erdos_renyi,8,2,1,QTL ascending schedule with average gamma=8.00,2,20262431,"[0.7781164276219816, 3.2262615747046017, 1.0811483388068108, 2.98222281407082]",0.83636,0.8367160000000002,0.8394,0.0852,8.0,8.0,7.919999999999999,0.0,16.0,15.84
erdos_renyi,8,2,1,QTL ascending schedule with average gamma=8.00,3,20262432,"[4.307602282343021, 3.034090238606556, 2.891329909804126, 1.6537892584670473]",0.66386,0.6657519999999999,0.67046,0.0228,8.0,8.0,7.919999999999999,0.0,16.0,15.84
erdos_renyi,8,2,1,QTL ascending schedule with average gamma=8.00,4,20262433,"[1.697931517675189, 4.9740234499068094, 5.809501218322688, 4.3764810471886175]",0.79822,0.8003200000000001,0.82598,0.0688,8.0,8.0,7.919999999999999,0.0,16.0,15.84
erdos_renyi,8,2,1,QTL ascending schedule with average gamma=10.00,0,20262429,"[3.0045084741480124, 0.6658867766369198, 2.9231716237466285, 4.046416608096568]",0.8358599999999999,0.840292,0.8673400000000001,0.13440000000000002,10.0,10.0,9.9,0.0,20.0,19.8
erdos_renyi,8,2,1,QTL ascending schedule with average gamma=10.00,1,20262430,"[5.1541213316333945, 3.721852295442659, 4.903726068591482, 1.2222919096378122]",0.66476,0.665498,0.67292,0.0232,10.0,10.0,9.9,0.0,20.0,19.8
erdos_renyi,8,2,1,QTL ascending schedule with average gamma=10.00,2,20262431,"[0.7781164276219816, 3.2262615747046017, 1.0811483388068108, 2.98222281407082]",0.8107200000000001,0.814106,0.827,0.0754,10.0,10.0,9.9,0.0,20.0,19.8
erdos_renyi,8,2,1,QTL ascending schedule with average gamma=10.00,3,20262432,"[4.307602282343021, 3.034090238606556, 2.891329909804126, 1.6537892584670473]",0.664,0.6658419999999999,0.6706000000000001,0.022199999999999998,10.0,10.0,9.9,0.0,20.0,19.8
erdos_renyi,8,2,1,QTL ascending schedule with average gamma=10.00,4,20262433,"[1.697931517675189, 4.9740234499068094, 5.809501218322688, 4.3764810471886175]",0.79816,0.8004159999999999,0.8263400000000001,0.0686,10.0,10.0,9.9,0.0,20.0,19.8
erdos_renyi,8,2,1,QTL ascending schedule with average gamma=16.00,0,20262429,"[3.0045084741480124, 0.6658867766369198, 2.9231716237466285, 4.046416608096568]",0.86222,0.8647859999999999,0.8682400000000001,0.1224,16.0,16.0,15.839999999999998,0.0,32.0,31.68
erdos_renyi,8,2,1,QTL ascending schedule with average gamma=16.00,1,20262430,"[5.1541213316333945, 3.721852295442659, 4.903726068591482, 1.2222919096378122]",0.6662,0.66529,0.6713000000000001,0.0232,16.0,16.0,15.839999999999998,0.0,32.0,31.68
erdos_renyi,8,2,1,QTL ascending schedule with average gamma=16.00,2,20262431,"[0.7781164276219816, 3.2262615747046017, 1.0811483388068108, 2.98222281407082]",0.8045,0.807342,0.82882,0.08979999999999999,16.0,16.0,15.839999999999998,0.0,32.0,31.68
erdos_renyi,8,2,1,QTL ascending schedule with average gamma=16.00,3,20262432,"[4.307602282343021, 3.034090238606556, 2.891329909804126, 1.6537892584670473]",0.6656000000000001,0.666526,0.67122,0.0248,16.0,16.0,15.839999999999998,0.0,32.0,31.68
erdos_renyi,8,2,1,QTL ascending schedule with average gamma=16.00,4,20262433,"[1.697931517675189, 4.9740234499068094, 5.809501218322688, 4.3764810471886175]",0.79818,0.800486,0.8262400000000001,0.0686,16.0,16.0,15.839999999999998,0.0,32.0,31.68
erdos_renyi,8,2,1,QTL ascending schedule with average gamma=24.00,0,20262429,"[3.0045084741480124, 0.6658867766369198, 2.9231716237466285, 4.046416608096568]",0.8408,0.8423219999999999,0.84526,0.094,24.0,24.0,23.76,0.0,48.0,47.519999999999996
erdos_renyi,8,2,1,QTL ascending schedule with average gamma=24.00,1,20262430,"[5.1541213316333945, 3.721852295442659, 4.903726068591482, 1.2222919096378122]",0.66672,0.6664100000000001,0.6723399999999999,0.0228,24.0,24.0,23.76,0.0,48.0,47.519999999999996
erdos_renyi,8,2,1,QTL ascending schedule with average gamma=24.00,2,20262431,"[0.7781164276219816, 3.2262615747046017, 1.0811483388068108, 2.98222281407082]",0.80632,0.8084620000000001,0.8291000000000001,0.088,24.0,24.0,23.76,0.0,48.0,47.519999999999996
erdos_renyi,8,2,1,QTL ascending schedule with average gamma=24.00,3,20262432,"[4.307602282343021, 3.034090238606556, 2.891329909804126, 1.6537892584670473]",0.66364,0.666376,0.6714800000000001,0.019799999999999998,24.0,24.0,23.76,0.0,48.0,47.519999999999996
erdos_renyi,8,2,1,QTL ascending schedule with average gamma=24.00,4,20262433,"[1.697931517675189, 4.9740234499068094, 5.809501218322688, 4.3764810471886175]",0.7983,0.8004979999999999,0.8260799999999999,0.0688,24.0,24.0,23.76,0.0,48.0,47.519999999999996
erdos_renyi,8,2,1,QTL ascending schedule with average gamma=36.00,0,20262429,"[3.0045084741480124, 0.6658867766369198, 2.9231716237466285, 4.046416608096568]",0.81606,0.8187139999999999,0.8222799999999999,0.0806,36.0,36.0,35.64000000000001,0.0,72.0,71.28
erdos_renyi,8,2,1,QTL ascending schedule with average gamma=36.00,1,20262430,"[5.1541213316333945, 3.721852295442659, 4.903726068591482, 1.2222919096378122]",0.6670999999999999,0.6669639999999999,0.67314,0.0228,36.0,36.0,35.64000000000001,0.0,72.0,71.28
erdos_renyi,8,2,1,QTL ascending schedule with average gamma=36.00,2,20262431,"[0.7781164276219816, 3.2262615747046017, 1.0811483388068108, 2.98222281407082]",0.8076399999999999,0.8116220000000001,0.8271200000000001,0.084,36.0,36.0,35.64000000000001,0.0,72.0,71.28
erdos_renyi,8,2,1,QTL ascending schedule with average gamma=36.00,3,20262432,"[4.307602282343021, 3.034090238606556, 2.891329909804126, 1.6537892584670473]",0.6624399999999999,0.665824,0.66966,0.0182,36.0,36.0,35.64000000000001,0.0,72.0,71.28
erdos_renyi,8,2,1,QTL ascending schedule with average gamma=36.00,4,20262433,"[1.697931517675189, 4.9740234499068094, 5.809501218322688, 4.3764810471886175]",0.7982400000000001,0.8003960000000001,0.8258800000000001,0.069,36.0,36.0,35.64000000000001,0.0,72.0,71.28
erdos_renyi,8,2,1,QTL ascending schedule with average gamma=50.00,0,20262429,"[3.0045084741480124, 0.6658867766369198, 2.9231716237466285, 4.046416608096568]",0.8017,0.8046620000000001,0.81142,0.0686,50.0,50.0,49.5,0.0,100.0,99.0
erdos_renyi,8,2,1,QTL ascending schedule with average gamma=50.00,1,20262430,"[5.1541213316333945, 3.721852295442659, 4.903726068591482, 1.2222919096378122]",0.6677,0.667532,0.6733,0.0224,50.0,50.0,49.5,0.0,100.0,99.0
erdos_renyi,8,2,1,QTL ascending schedule with average gamma=50.00,2,20262431,"[0.7781164276219816, 3.2262615747046017, 1.0811483388068108, 2.98222281407082]",0.8082,0.811866,0.8258599999999999,0.08299999999999999,50.0,50.0,49.5,0.0,100.0,99.0
erdos_renyi,8,2,1,QTL ascending schedule with average gamma=50.00,3,20262432,"[4.307602282343021, 3.034090238606556, 2.891329909804126, 1.6537892584670473]",0.66258,0.665368,0.6709799999999999,0.0178,50.0,50.0,49.5,0.0,100.0,99.0
erdos_renyi,8,2,1,QTL ascending schedule with average gamma=50.00,4,20262433,"[1.697931517675189, 4.9740234499068094, 5.809501218322688, 4.3764810471886175]",0.7972400000000001,0.799888,0.8257200000000001,0.0688,50.0,50.0,49.5,0.0,100.0,99.0
erdos_renyi,8,2,2,QTL ascending schedule with average gamma=0.00,0,20262429,"[3.0045084741480124, 0.6658867766369198, 2.9231716237466285, 4.046416608096568]",0.7631,0.766852,0.7728,0.26180000000000003,0.0,0.0,0.0,0.0,0.0,0.0
erdos_renyi,8,2,2,QTL ascending schedule with average gamma=0.00,1,20262430,"[5.1541213316333945, 3.721852295442659, 4.903726068591482, 1.2222919096378122]",0.54806,0.5475200000000001,0.5543199999999999,0.0346,0.0,0.0,0.0,0.0,0.0,0.0
erdos_renyi,8,2,2,QTL ascending schedule with average gamma=0.00,2,20262431,"[0.7781164276219816, 3.2262615747046017, 1.0811483388068108, 2.98222281407082]",0.8207600000000002,0.817384,0.8258800000000001,0.41359999999999997,0.0,0.0,0.0,0.0,0.0,0.0
erdos_renyi,8,2,2,QTL ascending schedule with average gamma=0.00,3,20262432,"[4.307602282343021, 3.034090238606556, 2.891329909804126, 1.6537892584670473]",0.54772,0.5475,0.5543799999999999,0.0344,0.0,0.0,0.0,0.0,0.0,0.0
erdos_renyi,8,2,2,QTL ascending schedule with average gamma=0.00,4,20262433,"[1.697931517675189, 4.9740234499068094, 5.809501218322688, 4.3764810471886175]",0.7093999999999999,0.71167,0.72134,0.1648,0.0,0.0,0.0,0.0,0.0,0.0
erdos_renyi,8,2,2,QTL ascending schedule with average gamma=1.00,0,20262429,"[3.0045084741480124, 0.6658867766369198, 2.9231716237466285, 4.046416608096568]",0.74472,0.7499819999999999,0.76712,0.2984,1.0,1.0,0.9899999999999999,0.0,2.0,1.98
erdos_renyi,8,2,2,QTL ascending schedule with average gamma=1.00,1,20262430,"[5.1541213316333945, 3.721852295442659, 4.903726068591482, 1.2222919096378122]",0.54726,0.546556,0.55338,0.0358,1.0,1.0,0.9899999999999999,0.0,2.0,1.98
erdos_renyi,8,2,2,QTL ascending schedule with average gamma=1.00,2,20262431,"[0.7781164276219816, 3.2262615747046017, 1.0811483388068108, 2.98222281407082]",0.8137799999999998,0.81044,0.82226,0.43,1.0,1.0,0.9899999999999999,0.0,2.0,1.98
erdos_renyi,8,2,2,QTL ascending schedule with average gamma=1.00,3,20262432,"[4.307602282343021, 3.034090238606556, 2.891329909804126, 1.6537892584670473]",0.5487,0.546394,0.5545599999999999,0.0356,1.0,1.0,0.9899999999999999,0.0,2.0,1.98
erdos_renyi,8,2,2,QTL ascending schedule with average gamma=1.00,4,20262433,"[1.697931517675189, 4.9740234499068094, 5.809501218322688, 4.3764810471886175]",0.6895,0.6942519999999999,0.7150599999999999,0.19,1.0,1.0,0.9899999999999999,0.0,2.0,1.98
erdos_renyi,8,2,2,QTL ascending schedule with average gamma=2.00,0,20262429,"[3.0045084741480124, 0.6658867766369198, 2.9231716237466285, 4.046416608096568]",0.7430399999999999,0.748734,0.7643800000000001,0.2992,2.0,2.0,1.9799999999999998,0.0,4.0,3.96
erdos_renyi,8,2,2,QTL ascending schedule with average gamma=2.00,1,20262430,"[5.1541213316333945, 3.721852295442659, 4.903726068591482, 1.2222919096378122]",0.54878,0.5462659999999999,0.55282,0.0356,2.0,2.0,1.9799999999999998,0.0,4.0,3.96
erdos_renyi,8,2,2,QTL ascending schedule with average gamma=2.00,2,20262431,"[0.7781164276219816, 3.2262615747046017, 1.0811483388068108, 2.98222281407082]",0.8119799999999999,0.8091299999999999,0.8183199999999999,0.4306,2.0,2.0,1.9799999999999998,0.0,4.0,3.96
erdos_renyi,8,2,2,QTL ascending schedule with average gamma=2.00,3,20262432,"[4.307602282343021, 3.034090238606556, 2.891329909804126, 1.6537892584670473]",0.5484600000000001,0.5463960000000001,0.5544,0.035,2.0,2.0,1.9799999999999998,0.0,4.0,3.96
erdos_renyi,8,2,2,QTL ascending schedule with average gamma=2.00,4,20262433,"[1.697931517675189, 4.9740234499068094, 5.809501218322688, 4.3764810471886175]",0.6886,0.692412,0.71036,0.1904,2.0,2.0,1.9799999999999998,0.0,4.0,3.96
erdos_renyi,8,2,2,QTL ascending schedule with average gamma=3.00,0,20262429,"[3.0045084741480124, 0.6658867766369198, 2.9231716237466285, 4.046416608096568]",0.7429399999999999,0.748766,0.7628199999999999,0.2996,3.0,3.0,2.97,0.0,6.0,5.9399999999999995
erdos_renyi,8,2,2,QTL ascending schedule with average gamma=3.00,1,20262430,"[5.1541213316333945, 3.721852295442659, 4.903726068591482, 1.2222919096378122]",0.54878,0.546394,0.5519000000000001,0.0358,3.0,3.0,2.97,0.0,6.0,5.9399999999999995
erdos_renyi,8,2,2,QTL ascending schedule with average gamma=3.00,2,20262431,"[0.7781164276219816, 3.2262615747046017, 1.0811483388068108, 2.98222281407082]",0.81188,0.8091079999999999,0.81698,0.4306,3.0,3.0,2.97,0.0,6.0,5.9399999999999995
erdos_renyi,8,2,2,QTL ascending schedule with average gamma=3.00,3,20262432,"[4.307602282343021, 3.034090238606556, 2.891329909804126, 1.6537892584670473]",0.5489,0.546462,0.55316,0.035199999999999995,3.0,3.0,2.97,0.0,6.0,5.9399999999999995
erdos_renyi,8,2,2,QTL ascending schedule with average gamma=3.00,4,20262433,"[1.697931517675189, 4.9740234499068094, 5.809501218322688, 4.3764810471886175]",0.68834,0.692292,0.70936,0.1906,3.0,3.0,2.97,0.0,6.0,5.9399999999999995
erdos_renyi,8,2,2,QTL ascending schedule with average gamma=4.00,0,20262429,"[3.0045084741480124, 0.6658867766369198, 2.9231716237466285, 4.046416608096568]",0.74306,0.7487959999999999,0.75944,0.2996,4.0,4.0,3.9599999999999995,0.0,8.0,7.92
erdos_renyi,8,2,2,QTL ascending schedule with average gamma=4.00,1,20262430,"[5.1541213316333945, 3.721852295442659, 4.903726068591482, 1.2222919096378122]",0.54924,0.5465880000000001,0.5521800000000001,0.0352,4.0,4.0,3.9599999999999995,0.0,8.0,7.92
erdos_renyi,8,2,2,QTL ascending schedule with average gamma=4.00,2,20262431,"[0.7781164276219816, 3.2262615747046017, 1.0811483388068108, 2.98222281407082]",0.8117599999999999,0.8091160000000001,0.8169599999999999,0.4306,4.0,4.0,3.9599999999999995,0.0,8.0,7.92
erdos_renyi,8,2,2,QTL ascending schedule with average gamma=4.00,3,20262432,"[4.307602282343021, 3.034090238606556, 2.891329909804126, 1.6537892584670473]",0.5481800000000001,0.5463500000000001,0.55298,0.035,4.0,4.0,3.9599999999999995,0.0,8.0,7.92
erdos_renyi,8,2,2,QTL ascending schedule with average gamma=4.00,4,20262433,"[1.697931517675189, 4.9740234499068094, 5.809501218322688, 4.3764810471886175]",0.6881600000000001,0.692048,0.7070000000000001,0.1904,4.0,4.0,3.9599999999999995,0.0,8.0,7.92
erdos_renyi,8,2,2,QTL ascending schedule with average gamma=8.00,0,20262429,"[3.0045084741480124, 0.6658867766369198, 2.9231716237466285, 4.046416608096568]",0.74332,0.7487859999999998,0.75564,0.3,8.0,8.0,7.919999999999999,0.0,16.0,15.84
erdos_renyi,8,2,2,QTL ascending schedule with average gamma=8.00,1,20262430,"[5.1541213316333945, 3.721852295442659, 4.903726068591482, 1.2222919096378122]",0.54886,0.5466660000000001,0.55252,0.035199999999999995,8.0,8.0,7.919999999999999,0.0,16.0,15.84
erdos_renyi,8,2,2,QTL ascending schedule with average gamma=8.00,2,20262431,"[0.7781164276219816, 3.2262615747046017, 1.0811483388068108, 2.98222281407082]",0.8119999999999999,0.8092280000000001,0.81716,0.431,8.0,8.0,7.919999999999999,0.0,16.0,15.84
erdos_renyi,8,2,2,QTL ascending schedule with average gamma=8.00,3,20262432,"[4.307602282343021, 3.034090238606556, 2.891329909804126, 1.6537892584670473]",0.54922,0.54649,0.55318,0.0354,8.0,8.0,7.919999999999999,0.0,16.0,15.84
erdos_renyi,8,2,2,QTL ascending schedule with average gamma=8.00,4,20262433,"[1.697931517675189, 4.9740234499068094, 5.809501218322688, 4.3764810471886175]",0.68828,0.6920080000000001,0.7003,0.1906,8.0,8.0,7.919999999999999,0.0,16.0,15.84
erdos_renyi,8,2,2,QTL ascending schedule with average gamma=10.00,0,20262429,"[3.0045084741480124, 0.6658867766369198, 2.9231716237466285, 4.046416608096568]",0.7434000000000001,0.7488120000000001,0.7552199999999999,0.2996,10.0,10.0,9.9,0.0,20.0,19.8
erdos_renyi,8,2,2,QTL ascending schedule with average gamma=10.00,1,20262430,"[5.1541213316333945, 3.721852295442659, 4.903726068591482, 1.2222919096378122]",0.54884,0.546656,0.5529200000000001,0.035,10.0,10.0,9.9,0.0,20.0,19.8
erdos_renyi,8,2,2,QTL ascending schedule with average gamma=10.00,2,20262431,"[0.7781164276219816, 3.2262615747046017, 1.0811483388068108, 2.98222281407082]",0.8120999999999998,0.809164,0.81724,0.4312,10.0,10.0,9.9,0.0,20.0,19.8
erdos_renyi,8,2,2,QTL ascending schedule with average gamma=10.00,3,20262432,"[4.307602282343021, 3.034090238606556, 2.891329909804126, 1.6537892584670473]",0.54836,0.54652,0.5536,0.0354,10.0,10.0,9.9,0.0,20.0,19.8
erdos_renyi,8,2,2,QTL ascending schedule with average gamma=10.00,4,20262433,"[1.697931517675189, 4.9740234499068094, 5.809501218322688, 4.3764810471886175]",0.6884399999999999,0.692372,0.7002600000000001,0.1908,10.0,10.0,9.9,0.0,20.0,19.8
erdos_renyi,8,2,2,QTL ascending schedule with average gamma=16.00,0,20262429,"[3.0045084741480124, 0.6658867766369198, 2.9231716237466285, 4.046416608096568]",0.74398,0.7498739999999999,0.75614,0.2988,16.0,16.0,15.839999999999998,0.0,32.0,31.68
erdos_renyi,8,2,2,QTL ascending schedule with average gamma=16.00,1,20262430,"[5.1541213316333945, 3.721852295442659, 4.903726068591482, 1.2222919096378122]",0.5481400000000001,0.546112,0.55196,0.0332,16.0,16.0,15.839999999999998,0.0,32.0,31.68
erdos_renyi,8,2,2,QTL ascending schedule with average gamma=16.00,2,20262431,"[0.7781164276219816, 3.2262615747046017, 1.0811483388068108, 2.98222281407082]",0.8118400000000001,0.8091460000000001,0.8175800000000001,0.4308,16.0,16.0,15.839999999999998,0.0,32.0,31.68
erdos_renyi,8,2,2,QTL ascending schedule with average gamma=16.00,3,20262432,"[4.307602282343021, 3.034090238606556, 2.891329909804126, 1.6537892584670473]",0.5477399999999999,0.546348,0.55332,0.0336,16.0,16.0,15.839999999999998,0.0,32.0,31.68
erdos_renyi,8,2,2,QTL ascending schedule with average gamma=16.00,4,20262433,"[1.697931517675189, 4.9740234499068094, 5.809501218322688, 4.3764810471886175]",0.69008,0.6927380000000001,0.6996600000000001,0.1904,16.0,16.0,15.839999999999998,0.0,32.0,31.68
erdos_renyi,8,2,2,QTL ascending schedule with average gamma=24.00,0,20262429,"[3.0045084741480124, 0.6658867766369198, 2.9231716237466285, 4.046416608096568]",0.7439,0.748574,0.75564,0.2934,24.0,24.0,23.76,0.0,48.0,47.519999999999996
erdos_renyi,8,2,2,QTL ascending schedule with average gamma=24.00,1,20262430,"[5.1541213316333945, 3.721852295442659, 4.903726068591482, 1.2222919096378122]",0.54696,0.5459959999999999,0.55152,0.0328,24.0,24.0,23.76,0.0,48.0,47.519999999999996
erdos_renyi,8,2,2,QTL ascending schedule with average gamma=24.00,2,20262431,"[0.7781164276219816, 3.2262615747046017, 1.0811483388068108, 2.98222281407082]",0.81294,0.809534,0.81714,0.431,24.0,24.0,23.76,0.0,48.0,47.519999999999996
erdos_renyi,8,2,2,QTL ascending schedule with average gamma=24.00,3,20262432,"[4.307602282343021, 3.034090238606556, 2.891329909804126, 1.6537892584670473]",0.5478,0.5465380000000001,0.55168,0.033600000000000005,24.0,24.0,23.76,0.0,48.0,47.519999999999996
erdos_renyi,8,2,2,QTL ascending schedule with average gamma=24.00,4,20262433,"[1.697931517675189, 4.9740234499068094, 5.809501218322688, 4.3764810471886175]",0.6894800000000001,0.6930440000000001,0.69844,0.1918,24.0,24.0,23.76,0.0,48.0,47.519999999999996
erdos_renyi,8,2,2,QTL ascending schedule with average gamma=36.00,0,20262429,"[3.0045084741480124, 0.6658867766369198, 2.9231716237466285, 4.046416608096568]",0.72922,0.7346079999999999,0.73838,0.2502,36.0,36.0,35.64000000000001,0.0,72.0,71.28
erdos_renyi,8,2,2,QTL ascending schedule with average gamma=36.00,1,20262430,"[5.1541213316333945, 3.721852295442659, 4.903726068591482, 1.2222919096378122]",0.5461,0.54532,0.55128,0.033,36.0,36.0,35.64000000000001,0.0,72.0,71.28
erdos_renyi,8,2,2,QTL ascending schedule with average gamma=36.00,2,20262431,"[0.7781164276219816, 3.2262615747046017, 1.0811483388068108, 2.98222281407082]",0.81166,0.8102500000000001,0.8188599999999999,0.42000000000000004,36.0,36.0,35.64000000000001,0.0,72.0,71.28
erdos_renyi,8,2,2,QTL ascending schedule with average gamma=36.00,3,20262432,"[4.307602282343021, 3.034090238606556, 2.891329909804126, 1.6537892584670473]",0.547,0.545704,0.55146,0.033,36.0,36.0,35.64000000000001,0.0,72.0,71.28
erdos_renyi,8,2,2,QTL ascending schedule with average gamma=36.00,4,20262433,"[1.697931517675189, 4.9740234499068094, 5.809501218322688, 4.3764810471886175]",0.68908,0.69175,0.6986800000000001,0.1916,36.0,36.0,35.64000000000001,0.0,72.0,71.28
erdos_renyi,8,2,2,QTL ascending schedule with average gamma=50.00,0,20262429,"[3.0045084741480124, 0.6658867766369198, 2.9231716237466285, 4.046416608096568]",0.6986,0.704592,0.70976,0.18359999999999999,50.0,50.0,49.5,0.0,100.0,99.0
erdos_renyi,8,2,2,QTL ascending schedule with average gamma=50.00,1,20262430,"[5.1541213316333945, 3.721852295442659, 4.903726068591482, 1.2222919096378122]",0.5475999999999999,0.5458020000000001,0.5508,0.0334,50.0,50.0,49.5,0.0,100.0,99.0
erdos_renyi,8,2,2,QTL ascending schedule with average gamma=50.00,2,20262431,"[0.7781164276219816, 3.2262615747046017, 1.0811483388068108, 2.98222281407082]",0.80314,0.80551,0.81354,0.3972,50.0,50.0,49.5,0.0,100.0,99.0
erdos_renyi,8,2,2,QTL ascending schedule with average gamma=50.00,3,20262432,"[4.307602282343021, 3.034090238606556, 2.891329909804126, 1.6537892584670473]",0.54396,0.544354,0.5492800000000001,0.0324,50.0,50.0,49.5,0.0,100.0,99.0
erdos_renyi,8,2,2,QTL ascending schedule with average gamma=50.00,4,20262433,"[1.697931517675189, 4.9740234499068094, 5.809501218322688, 4.3764810471886175]",0.68592,0.690402,0.6959000000000001,0.1858,50.0,50.0,49.5,0.0,100.0,99.0
erdos_renyi,8,2,3,QTL ascending schedule with average gamma=0.00,0,20262429,"[3.0045084741480124, 0.6658867766369198, 2.9231716237466285, 4.046416608096568]",0.8474444444444446,0.8482844444444446,0.8521111111111112,0.2502,0.0,0.0,0.0,0.0,0.0,0.0
erdos_renyi,8,2,3,QTL ascending schedule with average gamma=0.00,1,20262430,"[5.1541213316333945, 3.721852295442659, 4.903726068591482, 1.2222919096378122]",0.6465111111111113,0.6462088888888889,0.6523555555555556,0.0156,0.0,0.0,0.0,0.0,0.0,0.0
erdos_renyi,8,2,3,QTL ascending schedule with average gamma=0.00,2,20262431,"[0.7781164276219816, 3.2262615747046017, 1.0811483388068108, 2.98222281407082]",0.8473777777777777,0.84826,0.8521999999999998,0.25,0.0,0.0,0.0,0.0,0.0,0.0
erdos_renyi,8,2,3,QTL ascending schedule with average gamma=0.00,3,20262432,"[4.307602282343021, 3.034090238606556, 2.891329909804126, 1.6537892584670473]",0.5770888888888889,0.5768155555555555,0.5832444444444443,0.0102,0.0,0.0,0.0,0.0,0.0,0.0
erdos_renyi,8,2,3,QTL ascending schedule with average gamma=0.00,4,20262433,"[1.697931517675189, 4.9740234499068094, 5.809501218322688, 4.3764810471886175]",0.7522222222222223,0.7528088888888889,0.7584222222222221,0.09720000000000001,0.0,0.0,0.0,0.0,0.0,0.0
erdos_renyi,8,2,3,QTL ascending schedule with average gamma=1.00,0,20262429,"[3.0045084741480124, 0.6658867766369198, 2.9231716237466285, 4.046416608096568]",0.8421555555555555,0.842891111111111,0.8500222222222222,0.2592,1.0,1.0,0.9899999999999999,0.0,2.0,1.98
erdos_renyi,8,2,3,QTL ascending schedule with average gamma=1.00,1,20262430,"[5.1541213316333945, 3.721852295442659, 4.903726068591482, 1.2222919096378122]",0.8461333333333333,0.7463155555555556,0.8465555555555555,0.2482,1.0,1.0,0.9899999999999999,0.0,2.0,1.98
erdos_renyi,8,2,3,QTL ascending schedule with average gamma=1.00,2,20262431,"[0.7781164276219816, 3.2262615747046017, 1.0811483388068108, 2.98222281407082]",0.8420444444444444,0.8428888888888888,0.8504444444444444,0.25880000000000003,1.0,1.0,0.9899999999999999,0.0,2.0,1.98
erdos_renyi,8,2,3,QTL ascending schedule with average gamma=1.00,3,20262432,"[4.307602282343021, 3.034090238606556, 2.891329909804126, 1.6537892584670473]",0.5491777777777778,0.5493022222222221,0.5649777777777777,0.0212,1.0,1.0,0.9899999999999999,0.0,2.0,1.98
erdos_renyi,8,2,3,QTL ascending schedule with average gamma=1.00,4,20262433,"[1.697931517675189, 4.9740234499068094, 5.809501218322688, 4.3764810471886175]",0.7414000000000001,0.7398377777777778,0.7565333333333334,0.11,1.0,1.0,0.9899999999999999,0.0,2.0,1.98
erdos_renyi,8,2,3,QTL ascending schedule with average gamma=2.00,0,20262429,"[3.0045084741480124, 0.6658867766369198, 2.9231716237466285, 4.046416608096568]",0.8415333333333332,0.8417555555555556,0.8481111111111113,0.2596,2.0,2.0,1.9799999999999998,0.0,4.0,3.96
erdos_renyi,8,2,3,QTL ascending schedule with average gamma=2.00,1,20262430,"[5.1541213316333945, 3.721852295442659, 4.903726068591482, 1.2222919096378122]",0.8417777777777776,0.8418022222222221,0.8496888888888888,0.2594,2.0,2.0,1.9799999999999998,0.0,4.0,3.96
erdos_renyi,8,2,3,QTL ascending schedule with average gamma=2.00,2,20262431,"[0.7781164276219816, 3.2262615747046017, 1.0811483388068108, 2.98222281407082]",0.8415333333333332,0.8417733333333333,0.8487777777777777,0.2596,2.0,2.0,1.9799999999999998,0.0,4.0,3.96
erdos_renyi,8,2,3,QTL ascending schedule with average gamma=2.00,3,20262432,"[4.307602282343021, 3.034090238606556, 2.891329909804126, 1.6537892584670473]",0.5521333333333334,0.5509222222222224,0.5649555555555555,0.019999999999999997,2.0,2.0,1.9799999999999998,0.0,4.0,3.96
erdos_renyi,8,2,3,QTL ascending schedule with average gamma=2.00,4,20262433,"[1.697931517675189, 4.9740234499068094, 5.809501218322688, 4.3764810471886175]",0.7390444444444444,0.7373711111111112,0.7557111111111111,0.1098,2.0,2.0,1.9799999999999998,0.0,4.0,3.96
erdos_renyi,8,2,3,QTL ascending schedule with average gamma=3.00,0,20262429,"[3.0045084741480124, 0.6658867766369198, 2.9231716237466285, 4.046416608096568]",0.8413999999999999,0.8416666666666666,0.8478222222222223,0.2596,3.0,3.0,2.97,0.0,6.0,5.9399999999999995
erdos_renyi,8,2,3,QTL ascending schedule with average gamma=3.00,1,20262430,"[5.1541213316333945, 3.721852295442659, 4.903726068591482, 1.2222919096378122]",0.5863333333333334,0.5879377777777777,0.5920222222222222,0.0124,3.0,3.0,2.97,0.0,6.0,5.9399999999999995
erdos_renyi,8,2,3,QTL ascending schedule with average gamma=3.00,2,20262431,"[0.7781164276219816, 3.2262615747046017, 1.0811483388068108, 2.98222281407082]",0.8413999999999999,0.8416666666666666,0.8476222222222222,0.2596,3.0,3.0,2.97,0.0,6.0,5.9399999999999995
erdos_renyi,8,2,3,QTL ascending schedule with average gamma=3.00,3,20262432,"[4.307602282343021, 3.034090238606556, 2.891329909804126, 1.6537892584670473]",0.5516666666666666,0.5510444444444446,0.5637555555555555,0.019999999999999997,3.0,3.0,2.97,0.0,6.0,5.9399999999999995
erdos_renyi,8,2,3,QTL ascending schedule with average gamma=3.00,4,20262433,"[1.697931517675189, 4.9740234499068094, 5.809501218322688, 4.3764810471886175]",0.7379111111111111,0.7368511111111111,0.7545333333333334,0.10919999999999999,3.0,3.0,2.97,0.0,6.0,5.9399999999999995
erdos_renyi,8,2,3,QTL ascending schedule with average gamma=4.00,0,20262429,"[3.0045084741480124, 0.6658867766369198, 2.9231716237466285, 4.046416608096568]",0.8413333333333333,0.8415288888888888,0.8494444444444444,0.25939999999999996,4.0,4.0,3.9599999999999995,0.0,8.0,7.92
erdos_renyi,8,2,3,QTL ascending schedule with average gamma=4.00,1,20262430,"[5.1541213316333945, 3.721852295442659, 4.903726068591482, 1.2222919096378122]",0.5509777777777778,0.5518022222222223,0.5648888888888889,0.019200000000000002,4.0,4.0,3.9599999999999995,0.0,8.0,7.92
erdos_renyi,8,2,3,QTL ascending schedule with average gamma=4.00,2,20262431,"[0.7781164276219816, 3.2262615747046017, 1.0811483388068108, 2.98222281407082]",0.8413333333333333,0.8415288888888888,0.8470666666666667,0.25939999999999996,4.0,4.0,3.9599999999999995,0.0,8.0,7.92
erdos_renyi,8,2,3,QTL ascending schedule with average gamma=4.00,3,20262432,"[4.307602282343021, 3.034090238606556, 2.891329909804126, 1.6537892584670473]",0.5507777777777778,0.5501577777777777,0.5624,0.0202,4.0,4.0,3.9599999999999995,0.0,8.0,7.92
erdos_renyi,8,2,3,QTL ascending schedule with average gamma=4.00,4,20262433,"[1.697931517675189, 4.9740234499068094, 5.809501218322688, 4.3764810471886175]",0.7386222222222222,0.7368688888888889,0.7544888888888889,0.1096,4.0,4.0,3.9599999999999995,0.0,8.0,7.92
erdos_renyi,8,2,3,QTL ascending schedule with average gamma=8.00,0,20262429,"[3.0045084741480124, 0.6658867766369198, 2.9231716237466285, 4.046416608096568]",0.8409999999999999,0.8415177777777778,0.8477333333333333,0.2592,8.0,8.0,7.919999999999999,0.0,16.0,15.84
erdos_renyi,8,2,3,QTL ascending schedule with average gamma=8.00,1,20262430,"[5.1541213316333945, 3.721852295442659, 4.903726068591482, 1.2222919096378122]",0.5512444444444444,0.5518266666666667,0.5618888888888889,0.0196,8.0,8.0,7.919999999999999,0.0,16.0,15.84
erdos_renyi,8,2,3,QTL ascending schedule with average gamma=8.00,2,20262431,"[0.7781164276219816, 3.2262615747046017, 1.0811483388068108, 2.98222281407082]",0.8410444444444445,0.84152,0.8461777777777777,0.25939999999999996,8.0,8.0,7.919999999999999,0.0,16.0,15.84
erdos_renyi,8,2,3,QTL ascending schedule with average gamma=8.00,3,20262432,"[4.307602282343021, 3.034090238606556, 2.891329909804126, 1.6537892584670473]",0.5510444444444444,0.5507955555555556,0.5617555555555556,0.019799999999999998,8.0,8.0,7.919999999999999,0.0,16.0,15.84
erdos_renyi,8,2,3,QTL ascending schedule with average gamma=8.00,4,20262433,"[1.697931517675189, 4.9740234499068094, 5.809501218322688, 4.3764810471886175]",0.7389555555555556,0.7375488888888888,0.7546666666666666,0.1098,8.0,8.0,7.919999999999999,0.0,16.0,15.84
erdos_renyi,8,2,3,QTL ascending schedule with average gamma=10.00,0,20262429,"[3.0045084741480124, 0.6658867766369198, 2.9231716237466285, 4.046416608096568]",0.8410666666666666,0.8414622222222222,0.8484222222222222,0.25939999999999996,10.0,10.0,9.9,0.0,20.0,19.8
erdos_renyi,8,2,3,QTL ascending schedule with average gamma=10.00,1,20262430,"[5.1541213316333945, 3.721852295442659, 4.903726068591482, 1.2222919096378122]",0.5517555555555557,0.55254,0.5618666666666667,0.019999999999999997,10.0,10.0,9.9,0.0,20.0,19.8
erdos_renyi,8,2,3,QTL ascending schedule with average gamma=10.00,2,20262431,"[0.7781164276219816, 3.2262615747046017, 1.0811483388068108, 2.98222281407082]",0.8410666666666666,0.8414666666666667,0.8459999999999999,0.25939999999999996,10.0,10.0,9.9,0.0,20.0,19.8
erdos_renyi,8,2,3,QTL ascending schedule with average gamma=10.00,3,20262432,"[4.307602282343021, 3.034090238606556, 2.891329909804126, 1.6537892584670473]",0.5508444444444444,0.5504688888888889,0.5617111111111112,0.0196,10.0,10.0,9.9,0.0,20.0,19.8
erdos_renyi,8,2,3,QTL ascending schedule with average gamma=10.00,4,20262433,"[1.697931517675189, 4.9740234499068094, 5.809501218322688, 4.3764810471886175]",0.7385333333333333,0.7372022222222222,0.7542222222222222,0.1094,10.0,10.0,9.9,0.0,20.0,19.8
erdos_renyi,8,2,3,QTL ascending schedule with average gamma=16.00,0,20262429,"[3.0045084741480124, 0.6658867766369198, 2.9231716237466285, 4.046416608096568]",0.8413999999999999,0.8414711111111111,0.8464666666666667,0.2596,16.0,16.0,15.839999999999998,0.0,32.0,31.68
erdos_renyi,8,2,3,QTL ascending schedule with average gamma=16.00,1,20262430,"[5.1541213316333945, 3.721852295442659, 4.903726068591482, 1.2222919096378122]",0.5519111111111111,0.5517266666666667,0.5627555555555556,0.019799999999999998,16.0,16.0,15.839999999999998,0.0,32.0,31.68
erdos_renyi,8,2,3,QTL ascending schedule with average gamma=16.00,2,20262431,"[0.7781164276219816, 3.2262615747046017, 1.0811483388068108, 2.98222281407082]",0.8413777777777778,0.8414200000000001,0.8462222222222223,0.2598,16.0,16.0,15.839999999999998,0.0,32.0,31.68
erdos_renyi,8,2,3,QTL ascending schedule with average gamma=16.00,3,20262432,"[4.307602282343021, 3.034090238606556, 2.891329909804126, 1.6537892584670473]",0.5509111111111111,0.5522155555555555,0.5614666666666667,0.018,16.0,16.0,15.839999999999998,0.0,32.0,31.68
erdos_renyi,8,2,3,QTL ascending schedule with average gamma=16.00,4,20262433,"[1.697931517675189, 4.9740234499068094, 5.809501218322688, 4.3764810471886175]",0.7389111111111111,0.7371466666666666,0.7543777777777778,0.1098,16.0,16.0,15.839999999999998,0.0,32.0,31.68
erdos_renyi,8,2,3,QTL ascending schedule with average gamma=24.00,0,20262429,"[3.0045084741480124, 0.6658867766369198, 2.9231716237466285, 4.046416608096568]",0.8420222222222222,0.8420422222222221,0.8476666666666666,0.2594,24.0,24.0,23.76,0.0,48.0,47.519999999999996
erdos_renyi,8,2,3,QTL ascending schedule with average gamma=24.00,1,20262430,"[5.1541213316333945, 3.721852295442659, 4.903726068591482, 1.2222919096378122]",0.5519777777777777,0.5525111111111112,0.5628444444444445,0.0196,24.0,24.0,23.76,0.0,48.0,47.519999999999996
erdos_renyi,8,2,3,QTL ascending schedule with average gamma=24.00,2,20262431,"[0.7781164276219816, 3.2262615747046017, 1.0811483388068108, 2.98222281407082]",0.8420444444444445,0.8422133333333333,0.8475333333333334,0.2602,24.0,24.0,23.76,0.0,48.0,47.519999999999996
erdos_renyi,8,2,3,QTL ascending schedule with average gamma=24.00,3,20262432,"[4.307602282343021, 3.034090238606556, 2.891329909804126, 1.6537892584670473]",0.5533555555555556,0.5546266666666668,0.5620444444444446,0.017,24.0,24.0,23.76,0.0,48.0,47.519999999999996
erdos_renyi,8,2,3,QTL ascending schedule with average gamma=24.00,4,20262433,"[1.697931517675189, 4.9740234499068094, 5.809501218322688, 4.3764810471886175]",0.7386000000000001,0.7367177777777777,0.7536444444444445,0.1096,24.0,24.0,23.76,0.0,48.0,47.519999999999996
erdos_renyi,8,2,3,QTL ascending schedule with average gamma=36.00,0,20262429,"[3.0045084741480124, 0.6658867766369198, 2.9231716237466285, 4.046416608096568]",0.8410666666666667,0.8407888888888889,0.8455111111111111,0.2552,36.0,36.0,35.64000000000001,0.0,72.0,71.28
erdos_renyi,8,2,3,QTL ascending schedule with average gamma=36.00,1,20262430,"[5.1541213316333945, 3.721852295442659, 4.903726068591482, 1.2222919096378122]",0.5526222222222221,0.5539111111111111,0.5626222222222222,0.0196,36.0,36.0,35.64000000000001,0.0,72.0,71.28
erdos_renyi,8,2,3,QTL ascending schedule with average gamma=36.00,2,20262431,"[0.7781164276219816, 3.2262615747046017, 1.0811483388068108, 2.98222281407082]",0.8346222222222222,0.8336533333333331,0.8386444444444445,0.244,36.0,36.0,35.64000000000001,0.0,72.0,71.28
erdos_renyi,8,2,3,QTL ascending schedule with average gamma=36.00,3,20262432,"[4.307602282343021, 3.034090238606556, 2.891329909804126, 1.6537892584670473]",0.5574888888888889,0.5568622222222223,0.5641111111111112,0.0182,36.0,36.0,35.64000000000001,0.0,72.0,71.28
erdos_renyi,8,2,3,QTL ascending schedule with average gamma=36.00,4,20262433,"[1.697931517675189, 4.9740234499068094, 5.809501218322688, 4.3764810471886175]",0.7376222222222223,0.7356511111111111,0.7534444444444444,0.1116,36.0,36.0,35.64000000000001,0.0,72.0,71.28
erdos_renyi,8,2,3,QTL ascending schedule with average gamma=50.00,0,20262429,"[3.0045084741480124, 0.6658867766369198, 2.9231716237466285, 4.046416608096568]",0.8305777777777776,0.8287644444444444,0.8342444444444445,0.2398,50.0,50.0,49.5,0.0,100.0,99.0
erdos_renyi,8,2,3,QTL ascending schedule with average gamma=50.00,1,20262430,"[5.1541213316333945, 3.721852295442659, 4.903726068591482, 1.2222919096378122]",0.5541555555555555,0.555568888888889,0.5637111111111112,0.020200000000000003,50.0,50.0,49.5,0.0,100.0,99.0
erdos_renyi,8,2,3,QTL ascending schedule with average gamma=50.00,2,20262431,"[0.7781164276219816, 3.2262615747046017, 1.0811483388068108, 2.98222281407082]",0.8065555555555556,0.8054688888888888,0.8111111111111112,0.1988,50.0,50.0,49.5,0.0,100.0,99.0
erdos_renyi,8,2,3,QTL ascending schedule with average gamma=50.00,3,20262432,"[4.307602282343021, 3.034090238606556, 2.891329909804126, 1.6537892584670473]",0.5586666666666668,0.5578911111111111,0.5654666666666667,0.0182,50.0,50.0,49.5,0.0,100.0,99.0
erdos_renyi,8,2,3,QTL ascending schedule with average gamma=50.00,4,20262433,"[1.697931517675189, 4.9740234499068094, 5.809501218322688, 4.3764810471886175]",0.7372000000000001,0.7355066666666665,0.7533555555555556,0.1112,50.0,50.0,49.5,0.0,100.0,99.0
erdos_renyi,8,2,4,QTL ascending schedule with average gamma=0.00,0,20262429,"[3.0045084741480124, 0.6658867766369198, 2.9231716237466285, 4.046416608096568]",0.91784,0.9197740000000001,0.9237400000000001,0.441,0.0,0.0,0.0,0.0,0.0,0.0
erdos_renyi,8,2,4,QTL ascending schedule with average gamma=0.00,1,20262430,"[5.1541213316333945, 3.721852295442659, 4.903726068591482, 1.2222919096378122]",0.8675,0.866994,0.87166,0.22640000000000002,0.0,0.0,0.0,0.0,0.0,0.0
erdos_renyi,8,2,4,QTL ascending schedule with average gamma=0.00,2,20262431,"[0.7781164276219816, 3.2262615747046017, 1.0811483388068108, 2.98222281407082]",0.7488199999999999,0.746046,0.7520200000000001,0.0884,0.0,0.0,0.0,0.0,0.0,0.0
erdos_renyi,8,2,4,QTL ascending schedule with average gamma=0.00,3,20262432,"[4.307602282343021, 3.034090238606556, 2.891329909804126, 1.6537892584670473]",0.73732,0.736692,0.74538,0.1086,0.0,0.0,0.0,0.0,0.0,0.0
erdos_renyi,8,2,4,QTL ascending schedule with average gamma=0.00,4,20262433,"[1.697931517675189, 4.9740234499068094, 5.809501218322688, 4.3764810471886175]",0.8693000000000002,0.8691740000000001,0.8730399999999999,0.2324,0.0,0.0,0.0,0.0,0.0,0.0
erdos_renyi,8,2,4,QTL ascending schedule with average gamma=1.00,0,20262429,"[3.0045084741480124, 0.6658867766369198, 2.9231716237466285, 4.046416608096568]",0.89984,0.9025880000000001,0.92074,0.5068,1.0,1.0,0.9899999999999999,0.0,2.0,1.98
erdos_renyi,8,2,4,QTL ascending schedule with average gamma=1.00,1,20262430,"[5.1541213316333945, 3.721852295442659, 4.903726068591482, 1.2222919096378122]",0.8563200000000002,0.854226,0.8672000000000001,0.251,1.0,1.0,0.9899999999999999,0.0,2.0,1.98
erdos_renyi,8,2,4,QTL ascending schedule with average gamma=1.00,2,20262431,"[0.7781164276219816, 3.2262615747046017, 1.0811483388068108, 2.98222281407082]",0.8809799999999999,0.8814819999999999,0.8850999999999999,0.3942,1.0,1.0,0.9899999999999999,0.0,2.0,1.98
erdos_renyi,8,2,4,QTL ascending schedule with average gamma=1.00,3,20262432,"[4.307602282343021, 3.034090238606556, 2.891329909804126, 1.6537892584670473]",0.8726800000000001,0.87227,0.87544,0.3544,1.0,1.0,0.9899999999999999,0.0,2.0,1.98
erdos_renyi,8,2,4,QTL ascending schedule with average gamma=1.00,4,20262433,"[1.697931517675189, 4.9740234499068094, 5.809501218322688, 4.3764810471886175]",0.8583400000000001,0.858446,0.87202,0.2682,1.0,1.0,0.9899999999999999,0.0,2.0,1.98
erdos_renyi,8,2,4,QTL ascending schedule with average gamma=2.00,0,20262429,"[3.0045084741480124, 0.6658867766369198, 2.9231716237466285, 4.046416608096568]",0.8942,0.897634,0.9219799999999999,0.5044,2.0,2.0,1.9799999999999998,0.0,4.0,3.96
erdos_renyi,8,2,4,QTL ascending schedule with average gamma=2.00,1,20262430,"[5.1541213316333945, 3.721852295442659, 4.903726068591482, 1.2222919096378122]",0.6889,0.6868920000000001,0.7058800000000001,0.08360000000000001,2.0,2.0,1.9799999999999998,0.0,4.0,3.96
erdos_renyi,8,2,4,QTL ascending schedule with average gamma=2.00,2,20262431,"[0.7781164276219816, 3.2262615747046017, 1.0811483388068108, 2.98222281407082]",0.89412,0.897616,0.91788,0.5044,2.0,2.0,1.9799999999999998,0.0,4.0,3.96
erdos_renyi,8,2,4,QTL ascending schedule with average gamma=2.00,3,20262432,"[4.307602282343021, 3.034090238606556, 2.891329909804126, 1.6537892584670473]",0.8675999999999998,0.868472,0.8730600000000001,0.36340000000000006,2.0,2.0,1.9799999999999998,0.0,4.0,3.96
erdos_renyi,8,2,4,QTL ascending schedule with average gamma=2.00,4,20262433,"[1.697931517675189, 4.9740234499068094, 5.809501218322688, 4.3764810471886175]",0.85258,0.8544419999999999,0.87178,0.2686,2.0,2.0,1.9799999999999998,0.0,4.0,3.96
erdos_renyi,8,2,4,QTL ascending schedule with average gamma=3.00,0,20262429,"[3.0045084741480124, 0.6658867766369198, 2.9231716237466285, 4.046416608096568]",0.8932399999999999,0.895984,0.91706,0.5057999999999999,3.0,3.0,2.97,0.0,6.0,5.9399999999999995
erdos_renyi,8,2,4,QTL ascending schedule with average gamma=3.00,1,20262430,"[5.1541213316333945, 3.721852295442659, 4.903726068591482, 1.2222919096378122]",0.6894199999999999,0.6871999999999999,0.70296,0.08439999999999999,3.0,3.0,2.97,0.0,6.0,5.9399999999999995
erdos_renyi,8,2,4,QTL ascending schedule with average gamma=3.00,2,20262431,"[0.7781164276219816, 3.2262615747046017, 1.0811483388068108, 2.98222281407082]",0.89334,0.8959659999999999,0.91184,0.5057999999999999,3.0,3.0,2.97,0.0,6.0,5.9399999999999995
erdos_renyi,8,2,4,QTL ascending schedule with average gamma=3.00,3,20262432,"[4.307602282343021, 3.034090238606556, 2.891329909804126, 1.6537892584670473]",0.86582,0.86496,0.8702799999999999,0.3587999999999999,3.0,3.0,2.97,0.0,6.0,5.9399999999999995
erdos_renyi,8,2,4,QTL ascending schedule with average gamma=3.00,4,20262433,"[1.697931517675189, 4.9740234499068094, 5.809501218322688, 4.3764810471886175]",0.8523,0.8535020000000001,0.8702400000000001,0.26820000000000005,3.0,3.0,2.97,0.0,6.0,5.9399999999999995
erdos_renyi,8,2,4,QTL ascending schedule with average gamma=4.00,0,20262429,"[3.0045084741480124, 0.6658867766369198, 2.9231716237466285, 4.046416608096568]",0.8930800000000001,0.895696,0.91066,0.506,4.0,4.0,3.9599999999999995,0.0,8.0,7.92
erdos_renyi,8,2,4,QTL ascending schedule with average gamma=4.00,1,20262430,"[5.1541213316333945, 3.721852295442659, 4.903726068591482, 1.2222919096378122]",0.6896000000000001,0.6877440000000001,0.7002,0.08399999999999999,4.0,4.0,3.9599999999999995,0.0,8.0,7.92
erdos_renyi,8,2,4,QTL ascending schedule with average gamma=4.00,2,20262431,"[0.7781164276219816, 3.2262615747046017, 1.0811483388068108, 2.98222281407082]",0.89298,0.895636,0.91314,0.5056,4.0,4.0,3.9599999999999995,0.0,8.0,7.92
erdos_renyi,8,2,4,QTL ascending schedule with average gamma=4.00,3,20262432,"[4.307602282343021, 3.034090238606556, 2.891329909804126, 1.6537892584670473]",0.8590599999999998,0.859562,0.8659399999999999,0.3398,4.0,4.0,3.9599999999999995,0.0,8.0,7.92
erdos_renyi,8,2,4,QTL ascending schedule with average gamma=4.00,4,20262433,"[1.697931517675189, 4.9740234499068094, 5.809501218322688, 4.3764810471886175]",0.85268,0.8530380000000001,0.8706400000000001,0.2722,4.0,4.0,3.9599999999999995,0.0,8.0,7.92
erdos_renyi,8,2,4,QTL ascending schedule with average gamma=8.00,0,20262429,"[3.0045084741480124, 0.6658867766369198, 2.9231716237466285, 4.046416608096568]",0.89298,0.895584,0.90044,0.5055999999999999,8.0,8.0,7.919999999999999,0.0,16.0,15.84
erdos_renyi,8,2,4,QTL ascending schedule with average gamma=8.00,1,20262430,"[5.1541213316333945, 3.721852295442659, 4.903726068591482, 1.2222919096378122]",0.6895,0.6880539999999999,0.6953600000000001,0.08419999999999998,8.0,8.0,7.919999999999999,0.0,16.0,15.84
erdos_renyi,8,2,4,QTL ascending schedule with average gamma=8.00,2,20262431,"[0.7781164276219816, 3.2262615747046017, 1.0811483388068108, 2.98222281407082]",0.8935200000000002,0.8968900000000002,0.91012,0.5047999999999999,8.0,8.0,7.919999999999999,0.0,16.0,15.84
erdos_renyi,8,2,4,QTL ascending schedule with average gamma=8.00,3,20262432,"[4.307602282343021, 3.034090238606556, 2.891329909804126, 1.6537892584670473]",0.85352,0.8524519999999999,0.8618,0.26280000000000003,8.0,8.0,7.919999999999999,0.0,16.0,15.84
erdos_renyi,8,2,4,QTL ascending schedule with average gamma=8.00,4,20262433,"[1.697931517675189, 4.9740234499068094, 5.809501218322688, 4.3764810471886175]",0.85196,0.852244,0.8695599999999999,0.271,8.0,8.0,7.919999999999999,0.0,16.0,15.84
erdos_renyi,8,2,4,QTL ascending schedule with average gamma=10.00,0,20262429,"[3.0045084741480124, 0.6658867766369198, 2.9231716237466285, 4.046416608096568]",0.8928799999999999,0.8955420000000001,0.90022,0.5054,10.0,10.0,9.9,0.0,20.0,19.8
erdos_renyi,8,2,4,QTL ascending schedule with average gamma=10.00,1,20262430,"[5.1541213316333945, 3.721852295442659, 4.903726068591482, 1.2222919096378122]",0.68894,0.6881579999999999,0.6952,0.08399999999999999,10.0,10.0,9.9,0.0,20.0,19.8
erdos_renyi,8,2,4,QTL ascending schedule with average gamma=10.00,2,20262431,"[0.7781164276219816, 3.2262615747046017, 1.0811483388068108, 2.98222281407082]",0.89642,0.89984,0.9082000000000001,0.5055999999999999,10.0,10.0,9.9,0.0,20.0,19.8
erdos_renyi,8,2,4,QTL ascending schedule with average gamma=10.00,3,20262432,"[4.307602282343021, 3.034090238606556, 2.891329909804126, 1.6537892584670473]",0.8549999999999999,0.8533419999999999,0.86006,0.2776,10.0,10.0,9.9,0.0,20.0,19.8
erdos_renyi,8,2,4,QTL ascending schedule with average gamma=10.00,4,20262433,"[1.697931517675189, 4.9740234499068094, 5.809501218322688, 4.3764810471886175]",0.8518000000000001,0.8521340000000001,0.8695599999999999,0.2708,10.0,10.0,9.9,0.0,20.0,19.8
erdos_renyi,8,2,4,QTL ascending schedule with average gamma=16.00,0,20262429,"[3.0045084741480124, 0.6658867766369198, 2.9231716237466285, 4.046416608096568]",0.89222,0.8948980000000001,0.89862,0.5042,16.0,16.0,15.839999999999998,0.0,32.0,31.68
erdos_renyi,8,2,4,QTL ascending schedule with average gamma=16.00,1,20262430,"[5.1541213316333945, 3.721852295442659, 4.903726068591482, 1.2222919096378122]",0.6880599999999999,0.68716,0.6945600000000001,0.08439999999999999,16.0,16.0,15.839999999999998,0.0,32.0,31.68
erdos_renyi,8,2,4,QTL ascending schedule with average gamma=16.00,2,20262431,"[0.7781164276219816, 3.2262615747046017, 1.0811483388068108, 2.98222281407082]",0.90258,0.9017660000000001,0.9038,0.4672,16.0,16.0,15.839999999999998,0.0,32.0,31.68
erdos_renyi,8,2,4,QTL ascending schedule with average gamma=16.00,3,20262432,"[4.307602282343021, 3.034090238606556, 2.891329909804126, 1.6537892584670473]",0.8514200000000001,0.8483419999999999,0.8514800000000001,0.2632,16.0,16.0,15.839999999999998,0.0,32.0,31.68
erdos_renyi,8,2,4,QTL ascending schedule with average gamma=16.00,4,20262433,"[1.697931517675189, 4.9740234499068094, 5.809501218322688, 4.3764810471886175]",0.8519400000000001,0.85211,0.8695599999999999,0.27140000000000003,16.0,16.0,15.839999999999998,0.0,32.0,31.68
erdos_renyi,8,2,4,QTL ascending schedule with average gamma=24.00,0,20262429,"[3.0045084741480124, 0.6658867766369198, 2.9231716237466285, 4.046416608096568]",0.8910399999999999,0.8937899999999999,0.8986599999999999,0.5012,24.0,24.0,23.76,0.0,48.0,47.519999999999996
erdos_renyi,8,2,4,QTL ascending schedule with average gamma=24.00,1,20262430,"[5.1541213316333945, 3.721852295442659, 4.903726068591482, 1.2222919096378122]",0.68758,0.686126,0.6940000000000001,0.08479999999999999,24.0,24.0,23.76,0.0,48.0,47.519999999999996
erdos_renyi,8,2,4,QTL ascending schedule with average gamma=24.00,2,20262431,"[0.7781164276219816, 3.2262615747046017, 1.0811483388068108, 2.98222281407082]",0.8714600000000001,0.870242,0.8726800000000001,0.3564,24.0,24.0,23.76,0.0,48.0,47.519999999999996
erdos_renyi,8,2,4,QTL ascending schedule with average gamma=24.00,3,20262432,"[4.307602282343021, 3.034090238606556, 2.891329909804126, 1.6537892584670473]",0.8476599999999997,0.845106,0.8476599999999997,0.2532,24.0,24.0,23.76,0.0,48.0,47.519999999999996
erdos_renyi,8,2,4,QTL ascending schedule with average gamma=24.00,4,20262433,"[1.697931517675189, 4.9740234499068094, 5.809501218322688, 4.3764810471886175]",0.85144,0.8519459999999999,0.8695599999999999,0.2702,24.0,24.0,23.76,0.0,48.0,47.519999999999996
erdos_renyi,8,2,4,QTL ascending schedule with average gamma=36.00,0,20262429,"[3.0045084741480124, 0.6658867766369198, 2.9231716237466285, 4.046416608096568]",0.8911,0.894092,0.898,0.5014000000000001,36.0,36.0,35.64000000000001,0.0,72.0,71.28
erdos_renyi,8,2,4,QTL ascending schedule with average gamma=36.00,1,20262430,"[5.1541213316333945, 3.721852295442659, 4.903726068591482, 1.2222919096378122]",0.68634,0.6844259999999999,0.6907400000000001,0.087,36.0,36.0,35.64000000000001,0.0,72.0,71.28
erdos_renyi,8,2,4,QTL ascending schedule with average gamma=36.00,2,20262431,"[0.7781164276219816, 3.2262615747046017, 1.0811483388068108, 2.98222281407082]",0.81074,0.8095880000000001,0.8123799999999999,0.26380000000000003,36.0,36.0,35.64000000000001,0.0,72.0,71.28
erdos_renyi,8,2,4,QTL ascending schedule with average gamma=36.00,3,20262432,"[4.307602282343021, 3.034090238606556, 2.891329909804126, 1.6537892584670473]",0.81988,0.8208719999999999,0.82356,0.2404,36.0,36.0,35.64000000000001,0.0,72.0,71.28
erdos_renyi,8,2,4,QTL ascending schedule with average gamma=36.00,4,20262433,"[1.697931517675189, 4.9740234499068094, 5.809501218322688, 4.3764810471886175]",0.8500399999999999,0.85082,0.8695599999999999,0.2676,36.0,36.0,35.64000000000001,0.0,72.0,71.28
erdos_renyi,8,2,4,QTL ascending schedule with average gamma=50.00,0,20262429,"[3.0045084741480124, 0.6658867766369198, 2.9231716237466285, 4.046416608096568]",0.89534,0.8980599999999999,0.9025399999999999,0.5037999999999999,50.0,50.0,49.5,0.0,100.0,99.0
erdos_renyi,8,2,4,QTL ascending schedule with average gamma=50.00,1,20262430,"[5.1541213316333945, 3.721852295442659, 4.903726068591482, 1.2222919096378122]",0.68416,0.682538,0.6900000000000001,0.0858,50.0,50.0,49.5,0.0,100.0,99.0
erdos_renyi,8,2,4,QTL ascending schedule with average gamma=50.00,2,20262431,"[0.7781164276219816, 3.2262615747046017, 1.0811483388068108, 2.98222281407082]",0.7583200000000001,0.761324,0.7663599999999999,0.2064,50.0,50.0,49.5,0.0,100.0,99.0
erdos_renyi,8,2,4,QTL ascending schedule with average gamma=50.00,3,20262432,"[4.307602282343021, 3.034090238606556, 2.891329909804126, 1.6537892584670473]",0.77536,0.780988,0.7854,0.20779999999999998,50.0,50.0,49.5,0.0,100.0,99.0
erdos_renyi,8,2,4,QTL ascending schedule with average gamma=50.00,4,20262433,"[1.697931517675189, 4.9740234499068094, 5.809501218322688, 4.3764810471886175]",0.84992,0.8501100000000001,0.8695599999999999,0.2704,50.0,50.0,49.5,0.0,100.0,99.0
