dataset,gamma_plot,mean_peak_ratio,sem_peak_ratio,mean_tail_ratio,sem_tail_ratio,mean_final_ratio,sem_final_ratio,mean_optimal_mass,gamma_average_requested,gamma_average_realized,gamma_start,gamma_end_exclusive,gamma_last,shots,steps,number_of_initializations,simulator,optimizer_learning_rate,optimizer_learning_rate_decay_power,optimizer_learning_rate_decay_offset,optimizer_momentum,optimizer_tilt_learning_rate_penalty,optimizer_gradient_clip
fixed,0.0,0.7634198476190476,0.0247468912207147,0.7580430882539683,0.025170028945524,0.7575644063492064,0.0252277651409392,0.158304,,,,,,5000,100,5,lightning.qubit,0.18,0.35,6.0,0.7,0.01,2.5
fixed,0.2,0.7654037206349207,0.0283698867728903,0.7577305193650794,0.027180438781172,0.7596572444444445,0.029115024448895,0.173168,,,,,,5000,100,5,lightning.qubit,0.18,0.35,6.0,0.7,0.01,2.5
fixed,0.4,0.7650951365079365,0.0310888817287727,0.7598470603174603,0.0316549642519015,0.759477473015873,0.0316731726262813,0.1847519999999999,,,,,,5000,100,5,lightning.qubit,0.18,0.35,6.0,0.7,0.01,2.5
fixed,0.6,0.7640685968253969,0.0313677091820175,0.7584823707936509,0.0317814510634445,0.7578994412698413,0.03178472129805,0.1901439999999999,,,,,,5000,100,5,lightning.qubit,0.18,0.35,6.0,0.7,0.01,2.5
fixed,0.8,0.7620120761904763,0.0314336894334133,0.7562619250793652,0.0318572397408948,0.7555097142857143,0.0318725363188422,0.192576,,,,,,5000,100,5,lightning.qubit,0.18,0.35,6.0,0.7,0.01,2.5
fixed,1.0,0.7785315047619048,0.0347611709882425,0.7722100698412698,0.0350937105104141,0.7715321650793652,0.0349444135241655,0.214408,,,,,,5000,100,5,lightning.qubit,0.18,0.35,6.0,0.7,0.01,2.5
fixed,1.2,0.7776869714285715,0.0348141921229295,0.7707075504761904,0.034874476024019,0.7700591873015873,0.0347454487185606,0.215936,,,,,,5000,100,5,lightning.qubit,0.18,0.35,6.0,0.7,0.01,2.5
fixed,1.4,0.7769558476190477,0.034674706503573,0.769868173968254,0.0347885884656144,0.7688805968253968,0.0346161193698718,0.2171999999999999,,,,,,5000,100,5,lightning.qubit,0.18,0.35,6.0,0.7,0.01,2.5
fixed,1.6,0.7761207365079364,0.0345217770464848,0.7688317257142858,0.0345839481913598,0.7680791492063491,0.0344548328431246,0.2176159999999999,,,,,,5000,100,5,lightning.qubit,0.18,0.35,6.0,0.7,0.01,2.5
fixed,2.0,0.7747480761904761,0.0339554723405885,0.7672631873015874,0.0338060643523421,0.7666824380952381,0.0337634416582636,0.213008,,,,,,5000,100,5,lightning.qubit,0.18,0.35,6.0,0.7,0.01,2.5
fixed,3.0,0.7649874793650794,0.0316979512747104,0.756921106031746,0.0315330754282809,0.7564699047619048,0.0315711802028297,0.2086319999999999,,,,,,5000,100,5,lightning.qubit,0.18,0.35,6.0,0.7,0.01,2.5
fixed,4.0,0.7619769523809523,0.0307581547764148,0.7516463390476191,0.0297689864068135,0.7530871492063492,0.030192229204176,0.20124,,,,,,5000,100,5,lightning.qubit,0.18,0.35,6.0,0.7,0.01,2.5
fixed,8.0,0.7393859428571428,0.0277788597051345,0.731460093968254,0.0277133647498305,0.7315174222222222,0.0278448287235698,0.1727679999999999,,,,,,5000,100,5,lightning.qubit,0.18,0.35,6.0,0.7,0.01,2.5
fixed,10.0,0.7331061714285714,0.0255392410117833,0.7255635034920636,0.0252154791532033,0.7252942349206349,0.025606328789466,0.165512,,,,,,5000,100,5,lightning.qubit,0.18,0.35,6.0,0.7,0.01,2.5
fixed,16.0,0.7226645206349206,0.0195911849349037,0.7154200634920634,0.0190664500305233,0.7149887873015872,0.0194018547739806,0.143872,,,,,,5000,100,5,lightning.qubit,0.18,0.35,6.0,0.7,0.01,2.5
fixed,24.0,0.7098180317460318,0.0188900339616958,0.7030164152380952,0.0185199594952206,0.703117980952381,0.0189175932658409,0.124512,,,,,,5000,100,5,lightning.qubit,0.18,0.35,6.0,0.7,0.01,2.5
fixed,36.0,0.6936075047619048,0.0213156197755704,0.687057175873016,0.0210276851890242,0.6870369650793651,0.0208760085564467,0.104824,,,,,,5000,100,5,lightning.qubit,0.18,0.35,6.0,0.7,0.01,2.5
fixed,50.0,0.6811881142857144,0.0232636643769125,0.6753250730158731,0.0233250626585278,0.6749232761904762,0.0232130344925533,0.091696,,,,,,5000,100,5,lightning.qubit,0.18,0.35,6.0,0.7,0.01,2.5
ascending,0.0,0.7634198476190476,0.0247468912207147,0.7580430882539683,0.025170028945524,0.7575644063492064,0.0252277651409392,0.158304,0.0,0.0,0.0,0.0,0.0,5000,100,5,lightning.qubit,0.18,0.35,6.0,0.7,0.01,2.5
ascending,0.2,0.7614892825396826,0.0258737961430335,0.7537324165079365,0.0250825503578,0.754952165079365,0.0262918601949308,0.169104,0.2,0.198,0.0,0.4,0.396,5000,100,5,lightning.qubit,0.18,0.35,6.0,0.7,0.01,2.5
ascending,0.4,0.7722602920634921,0.0351045370776724,0.7638475898412699,0.0355545872166824,0.7630446984126984,0.0355031906802062,0.192584,0.4,0.3960000000000001,0.0,0.8,0.792,5000,100,5,lightning.qubit,0.18,0.35,6.0,0.7,0.01,2.5
ascending,0.6,0.7715988317460318,0.035073891676022,0.7617042260317459,0.035390061358656,0.7606223238095238,0.0353190270673052,0.196128,0.6,0.5940000000000001,0.0,1.2,1.188,5000,100,5,lightning.qubit,0.18,0.35,6.0,0.7,0.01,2.5
ascending,0.8,0.7688282031746032,0.0338614780013355,0.7571604546031747,0.0346914537503027,0.7557609142857142,0.0348174573738343,0.194064,0.8,0.7920000000000001,0.0,1.6,1.584,5000,100,5,lightning.qubit,0.18,0.35,6.0,0.7,0.01,2.5
ascending,1.0,0.7775214476190475,0.0319943842173588,0.762125525079365,0.0326856036335249,0.7648819301587302,0.0325066699600342,0.203544,1.0,0.99,0.0,2.0,1.98,5000,100,5,lightning.qubit,0.18,0.35,6.0,0.7,0.01,2.5
ascending,1.2,0.7768609650793651,0.0317753915743926,0.7635688558730158,0.0321043627627873,0.7621277333333334,0.0321629244701272,0.20488,1.2,1.1880000000000002,0.0,2.4,2.376,5000,100,5,lightning.qubit,0.18,0.35,6.0,0.7,0.01,2.5
ascending,1.4,0.7783197206349206,0.0333013609080119,0.7632298780952381,0.0329412397303296,0.7620798857142856,0.0328262967966916,0.2125119999999999,1.4,1.386,0.0,2.8,2.772,5000,100,5,lightning.qubit,0.18,0.35,6.0,0.7,0.01,2.5
ascending,1.6,0.7729440000000001,0.0294277012625859,0.7571140038095239,0.0284384459761749,0.7562129777777777,0.0283282024981866,0.2122,1.6,1.5840000000000003,0.0,3.2,3.168,5000,100,5,lightning.qubit,0.18,0.35,6.0,0.7,0.01,2.5
ascending,2.0,0.7703903492063493,0.0281822570034913,0.7563650577777777,0.0273213910916174,0.7558970031746032,0.0271561619485267,0.2052719999999999,2.0,1.98,0.0,4.0,3.96,5000,100,5,lightning.qubit,0.18,0.35,6.0,0.7,0.01,2.5
ascending,3.0,0.7569002793650793,0.0292536058484823,0.7426180038095238,0.0281586175165379,0.7417546158730158,0.0280771795125948,0.1917199999999999,3.0,2.97,0.0,6.0,5.94,5000,100,5,lightning.qubit,0.18,0.35,6.0,0.7,0.01,2.5
ascending,4.0,0.7614714412698412,0.0311120552813477,0.7487942666666667,0.0299811638723901,0.7480269206349206,0.0298027212716687,0.1929519999999999,4.0,3.96,0.0,8.0,7.92,5000,100,5,lightning.qubit,0.18,0.35,6.0,0.7,0.01,2.5
ascending,8.0,0.7520918603174603,0.0290862901739462,0.7415419441269842,0.0284726032175416,0.740679326984127,0.0283460307216371,0.18648,8.0,7.919999999999999,0.0,16.0,15.84,5000,100,5,lightning.qubit,0.18,0.35,6.0,0.7,0.01,2.5
ascending,10.0,0.7510532317460318,0.0288444539112982,0.7407505028571428,0.0284736946021061,0.7397510095238096,0.0283381172636382,0.186184,10.0,9.9,0.0,20.0,19.8,5000,100,5,lightning.qubit,0.18,0.35,6.0,0.7,0.01,2.5
ascending,16.0,0.7493755555555556,0.028449241405582,0.7406312457142857,0.028447636860928,0.7400415873015873,0.0285376581823426,0.181472,16.0,15.839999999999998,0.0,32.0,31.68,5000,100,5,lightning.qubit,0.18,0.35,6.0,0.7,0.01,2.5
ascending,24.0,0.7448183619047619,0.0274113275719142,0.7363278044444443,0.0272355009617475,0.7357170285714286,0.0273438828787451,0.169896,24.0,23.76,0.0,48.0,47.52,5000,100,5,lightning.qubit,0.18,0.35,6.0,0.7,0.01,2.5
ascending,36.0,0.7378422476190476,0.0249668321850521,0.7295055809523809,0.0248383965469206,0.7286573460317459,0.024801751497976,0.15928,36.0,35.64000000000001,0.0,72.0,71.28,5000,100,5,lightning.qubit,0.18,0.35,6.0,0.7,0.01,2.5
ascending,50.0,0.7307197841269841,0.0238279124580835,0.7217357257142857,0.0233745251335313,0.7202963936507937,0.0232330416646864,0.147696,50.0,49.5,0.0,100.0,99.0,5000,100,5,lightning.qubit,0.18,0.35,6.0,0.7,0.01,2.5
